-5.380408093333244324e-02,-3.379173576831817627e-02,7.836015224456787109e-01,1.000000000000000000e+00,3.347396850585937500e-03,1.201152801513671875e-03,1.122951507568359375e-03,4.261545091867446899e-02,1.231729984283447266e-01,1.850267946720123291e-01,1.446693986654281616e-01,-1.524636000394821167e-01,-1.229394748806953430e-01,2.375043369829654694e-02,-1.117508038878440857e-01,-7.932204008102416992e-02,1.622041165828704834e-01,-2.137294411659240723e-01,1.041140705347061157e-01,-6.223380193114280701e-02,3.969695884734392166e-03,8.478037267923355103e-02,-1.395104676485061646e-01,3.189994692802429199e-01,-1.021885633468627930e+00,1.102065563201904297e+00,6.089003011584281921e-02,-2.627529669553041458e-03,1.316177994012832642e-01,-1.061836406588554382e-01,-2.467745989561080933e-01,6.609340310096740723e-01,1.140771150588989258e+00,-1.470401287078857422e-01,-3.832570090889930725e-02,-5.229761824011802673e-02
-5.561734735965728760e-02,-3.260216116905212402e-02,7.835551500320434570e-01,1.000000000000000000e+00,3.458976745605468750e-03,1.039981842041015625e-03,3.771781921386718750e-04,4.391987249255180359e-02,1.229038611054420471e-01,1.869846284389495850e-01,1.435049921274185181e-01,-1.535401940345764160e-01,-1.229566708207130432e-01,2.432231605052947998e-02,-1.125375628471374512e-01,-8.012928068637847900e-02,1.629792749881744385e-01,-2.138469219207763672e-01,1.055773645639419556e-01,-6.162558495998382568e-02,3.562723519280552864e-03,8.460684865713119507e-02,-1.385546922683715820e-01,3.193467259407043457e-01,-1.019910812377929688e+00,1.100301861763000488e+00,6.428771466016769409e-02,-1.561392913572490215e-03,1.297102868556976318e-01,-1.047771349549293518e-01,-2.459326684474945068e-01,6.603586077690124512e-01,1.139897346496582031e+00,-1.455497890710830688e-01,-3.796473145484924316e-02,-5.188770219683647156e-02
-5.722708255052566528e-02,-3.224026411771774292e-02,7.834417819976806641e-01,1.000000000000000000e+00,3.566741943359375000e-03,1.068592071533203125e-03,4.327297210693359375e-05,4.404844343662261963e-02,1.223115473985671997e-01,1.870460361242294312e-01,1.426844149827957153e-01,-1.532610803842544556e-01,-1.225401908159255981e-01,2.466422691941261292e-02,-1.133161261677742004e-01,-8.105656504631042480e-02,1.624805480241775513e-01,-2.135605961084365845e-01,1.061773002147674561e-01,-6.220681220293045044e-02,3.173403209075331688e-03,8.431479334831237793e-02,-1.382177770137786865e-01,3.195292353630065918e-01,-1.017567396163940430e+00,1.098433732986450195e+00,6.683125346899032593e-02,-1.160434796474874020e-03,1.284380108118057251e-01,-1.036531627178192139e-01,-2.446125000715255737e-01,6.599561572074890137e-01,1.139368772506713867e+00,-1.432389616966247559e-01,-3.795290738344192505e-02,-5.164897814393043518e-02
-5.858875811100006104e-02,-3.211303800344467163e-02,7.833235859870910645e-01,1.000000000000000000e+00,3.726959228515625000e-03,1.083850860595703125e-03,-1.224279403686523438e-04,4.383563250303268433e-02,1.215598359704017639e-01,1.870952248573303223e-01,1.421645283699035645e-01,-1.528355479240417480e-01,-1.216116920113563538e-01,2.500029094517230988e-02,-1.137604489922523499e-01,-8.118890225887298584e-02,1.617727130651473999e-01,-2.132043987512588501e-01,1.067355871200561523e-01,-6.260687857866287231e-02,2.559904707595705986e-03,8.392892777919769287e-02,-1.378111094236373901e-01,3.197280466556549072e-01,-1.015586614608764648e+00,1.096843242645263672e+00,6.784871965646743774e-02,-2.265817747684195638e-04,1.287465989589691162e-01,-1.022337824106216431e-01,-2.427100986242294312e-01,6.592594981193542480e-01,1.138675928115844727e+00,-1.407018899917602539e-01,-3.887148201465606689e-02,-5.199261009693145752e-02
-5.950110778212547302e-02,-3.183825686573982239e-02,7.833419442176818848e-01,1.000000000000000000e+00,3.812789916992187500e-03,1.071453094482421875e-03,-1.857876777648925781e-04,4.322129487991333008e-02,1.211879476904869080e-01,1.868104636669158936e-01,1.417127400636672974e-01,-1.525501459836959839e-01,-1.211168989539146423e-01,2.514811791479587555e-02,-1.139650493860244751e-01,-8.088591694831848145e-02,1.610959768295288086e-01,-2.130391299724578857e-01,1.069348827004432678e-01,-6.308975070714950562e-02,1.923138275742530823e-03,8.364279568195343018e-02,-1.374631971120834351e-01,3.197984695434570312e-01,-1.013665080070495605e+00,1.094701766967773438e+00,6.593520939350128174e-02,9.189030970446765423e-04,1.300975233316421509e-01,-1.006909757852554321e-01,-2.406719475984573364e-01,6.588625311851501465e-01,1.138192176818847656e+00,-1.398128718137741089e-01,-3.934139385819435120e-02,-5.205352976918220520e-02
-6.000164523720741272e-02,-3.179378807544708252e-02,7.833110094070434570e-01,1.000000000000000000e+00,3.887176513671875000e-03,1.137256622314453125e-03,-3.625154495239257812e-04,4.287725314497947693e-02,1.209229677915573120e-01,1.869533210992813110e-01,1.411178112030029297e-01,-1.524742096662521362e-01,-1.209377199411392212e-01,2.520040608942508698e-02,-1.139832735061645508e-01,-8.003996312618255615e-02,1.599073410034179688e-01,-2.125674188137054443e-01,1.072088852524757385e-01,-6.310203671455383301e-02,1.231368747539818287e-03,8.343674242496490479e-02,-1.377111375331878662e-01,3.199758529663085938e-01,-1.011825323104858398e+00,1.093211889266967773e+00,6.356137245893478394e-02,1.125975162722170353e-03,1.311867684125900269e-01,-9.898356348276138306e-02,-2.387371510267257690e-01,6.583507061004638672e-01,1.137560844421386719e+00,-1.404834240674972534e-01,-4.016108810901641846e-02,-5.183923617005348206e-02
-6.031987071037292480e-02,-3.130254149436950684e-02,7.833074927330017090e-01,1.000000000000000000e+00,3.925323486328125000e-03,1.285076141357421875e-03,-5.581378936767578125e-04,4.215610027313232422e-02,1.206058263778686523e-01,1.869602948427200317e-01,1.406930238008499146e-01,-1.521776914596557617e-01,-1.208528354763984680e-01,2.510422840714454651e-02,-1.139818206429481506e-01,-7.947999984025955200e-02,1.588089019060134888e-01,-2.122007757425308228e-01,1.075932085514068604e-01,-6.338173896074295044e-02,6.245341501198709011e-04,8.329793810844421387e-02,-1.377820372581481934e-01,3.202763199806213379e-01,-1.010090112686157227e+00,1.092236042022705078e+00,6.261216104030609131e-02,7.820438477210700512e-04,1.321323961019515991e-01,-9.761902689933776855e-02,-2.371497601270675659e-01,6.586263775825500488e-01,1.137450337409973145e+00,-1.419741213321685791e-01,-4.065845906734466553e-02,-5.181761831045150757e-02
-6.074223294854164124e-02,-3.123444132506847382e-02,7.832931280136108398e-01,1.000000000000000000e+00,3.946304321289062500e-03,1.464843750000000000e-03,-7.264614105224609375e-04,4.128009080886840820e-02,1.202017664909362793e-01,1.870932430028915405e-01,1.402743458747863770e-01,-1.517482548952102661e-01,-1.207396835088729858e-01,2.497522719204425812e-02,-1.140431836247444153e-01,-7.854934036731719971e-02,1.573592573404312134e-01,-2.115864455699920654e-01,1.080905422568321228e-01,-6.402044743299484253e-02,2.518734436307568103e-05,8.334597945213317871e-02,-1.384761482477188110e-01,3.199973702430725098e-01,-1.008559107780456543e+00,1.091588616371154785e+00,6.170831993222236633e-02,3.746038419194519520e-04,1.322656571865081787e-01,-9.621536731719970703e-02,-2.354569733142852783e-01,6.584021449089050293e-01,1.137568473815917969e+00,-1.447019129991531372e-01,-4.132587462663650513e-02,-5.219000577926635742e-02
-6.197174638509750366e-02,-3.112903609871864319e-02,7.832937836647033691e-01,1.000000000000000000e+00,3.950119018554687500e-03,1.667976379394531250e-03,-9.994506835937500000e-04,4.054095596075057983e-02,1.199549511075019836e-01,1.872814744710922241e-01,1.400915831327438354e-01,-1.515204012393951416e-01,-1.205690577626228333e-01,2.487642131745815277e-02,-1.141271889209747314e-01,-7.770087569952011108e-02,1.559773534536361694e-01,-2.105581760406494141e-01,1.085993349552154541e-01,-6.460442394018173218e-02,-5.384103860706090927e-04,8.338443189859390259e-02,-1.392756402492523193e-01,3.198466002941131592e-01,-1.007622480392456055e+00,1.091167569160461426e+00,6.171877682209014893e-02,-1.331380481133237481e-04,1.319699436426162720e-01,-9.534040838479995728e-02,-2.340131700038909912e-01,6.583193540573120117e-01,1.138261675834655762e+00,-1.449799835681915283e-01,-4.152267798781394958e-02,-5.210858210921287537e-02
-6.243706494569778442e-02,-3.087617084383964539e-02,7.832693457603454590e-01,1.000000000000000000e+00,3.915786743164062500e-03,1.787662506103515625e-03,-1.055240631103515625e-03,3.996594995260238647e-02,1.196760311722755432e-01,1.874603629112243652e-01,1.397531628608703613e-01,-1.514244079589843750e-01,-1.202802062034606934e-01,2.478935755789279938e-02,-1.142349839210510254e-01,-7.702040672302246094e-02,1.547985225915908813e-01,-2.096495628356933594e-01,1.088805124163627625e-01,-6.540774554014205933e-02,-9.271430899389088154e-04,8.344188332557678223e-02,-1.397608667612075806e-01,3.193883299827575684e-01,-1.007734060287475586e+00,1.091576337814331055e+00,6.182133778929710388e-02,3.982122507295571268e-05,1.315350383520126343e-01,-9.445609897375106812e-02,-2.329182177782058716e-01,6.583125591278076172e-01,1.138861417770385742e+00,-1.436985433101654053e-01,-4.207238554954528809e-02,-5.200095847249031067e-02
-6.295600533485412598e-02,-3.116109222173690796e-02,7.832731008529663086e-01,1.000000000000000000e+00,3.887176513671875000e-03,1.894474029541015625e-03,-1.341819763183593750e-03,4.009014368057250977e-02,1.194041222333908081e-01,1.886026114225387573e-01,1.395234018564224243e-01,-1.513196080923080444e-01,-1.201746538281440735e-01,2.427302114665508270e-02,-1.144953668117523193e-01,-7.638075947761535645e-02,1.542481482028961182e-01,-2.089627087116241455e-01,1.087578088045120239e-01,-6.605331599712371826e-02,-1.170461066067218781e-03,8.371389657258987427e-02,-1.403817832469940186e-01,3.193010091781616211e-01,-1.008038759231567383e+00,1.091062426567077637e+00,6.241096183657646179e-02,4.725901453639380634e-05,1.317086666822433472e-01,-9.407060593366622925e-02,-2.320499420166015625e-01,6.582664251327514648e-01,1.139018058776855469e+00,-1.418128460645675659e-01,-4.236629605293273926e-02,-5.217175930738449097e-02
-6.320926547050476074e-02,-3.089878708124160767e-02,7.832012176513671875e-01,1.000000000000000000e+00,3.845214843750000000e-03,1.997947692871093750e-03,-1.821517944335937500e-03,4.058878496289253235e-02,1.192096024751663208e-01,1.899405866861343384e-01,1.391946226358413696e-01,-1.514953970909118652e-01,-1.201368123292922974e-01,2.376517280936241150e-02,-1.144723594188690186e-01,-7.537186890840530396e-02,1.542643606662750244e-01,-2.086918205022811890e-01,1.082456931471824646e-01,-6.631325185298919678e-02,-1.229872577823698521e-03,8.371177315711975098e-02,-1.409499347209930420e-01,3.194291293621063232e-01,-1.008700609207153320e+00,1.090600371360778809e+00,6.375686824321746826e-02,1.600370596861466765e-04,1.317347735166549683e-01,-9.356614947319030762e-02,-2.321449518203735352e-01,6.587775349617004395e-01,1.139223694801330566e+00,-1.392988264560699463e-01,-4.244623333215713501e-02,-5.215626955032348633e-02
-6.351660937070846558e-02,-3.090372309088706970e-02,7.831782102584838867e-01,1.000000000000000000e+00,3.830909729003906250e-03,2.067565917968750000e-03,-2.408981323242187500e-03,4.148939624428749084e-02,1.191144883632659912e-01,1.915780752897262573e-01,1.384112387895584106e-01,-1.512669473886489868e-01,-1.202232018113136292e-01,2.307982183992862701e-02,-1.144362390041351318e-01,-7.368928939104080200e-02,1.541510969400405884e-01,-2.083530873060226440e-01,1.077277064323425293e-01,-6.647865474224090576e-02,-1.199322636239230633e-03,8.372951298952102661e-02,-1.416310220956802368e-01,3.199903666973114014e-01,-1.008423686027526855e+00,1.089688420295715332e+00,6.459946185350418091e-02,1.542471582069993019e-04,1.324397623538970947e-01,-9.309393912553787231e-02,-2.325979024171829224e-01,6.595218777656555176e-01,1.139485120773315430e+00,-1.383388638496398926e-01,-4.287458583712577820e-02,-5.233311280608177185e-02
-6.393919885158538818e-02,-3.098618984222412109e-02,7.831194400787353516e-01,1.000000000000000000e+00,3.790855407714843750e-03,2.169609069824218750e-03,-3.160476684570312500e-03,4.214436188340187073e-02,1.191914528608322144e-01,1.932960599660873413e-01,1.376930475234985352e-01,-1.509646028280258179e-01,-1.202711760997772217e-01,2.230139262974262238e-02,-1.143168658018112183e-01,-7.184725999832153320e-02,1.548623144626617432e-01,-2.085429131984710693e-01,1.071727424860000610e-01,-6.689968705177307129e-02,-1.081658760085701942e-03,8.360680937767028809e-02,-1.424499750137329102e-01,3.201642334461212158e-01,-1.007946014404296875e+00,1.088941812515258789e+00,6.545506417751312256e-02,2.443479315843433142e-04,1.332968324422836304e-01,-9.305410832166671753e-02,-2.334243208169937134e-01,6.597508192062377930e-01,1.139846086502075195e+00,-1.390307694673538208e-01,-4.274129122495651245e-02,-5.256118997931480408e-02
-6.447792053222656250e-02,-3.135146945714950562e-02,7.831329703330993652e-01,1.000000000000000000e+00,3.770828247070312500e-03,2.286911010742187500e-03,-3.980636596679687500e-03,4.295270144939422607e-02,1.191117465496063232e-01,1.950912326574325562e-01,1.368910074234008789e-01,-1.507241129875183105e-01,-1.202236190438270569e-01,2.156979404389858246e-02,-1.142306625843048096e-01,-7.004931569099426270e-02,1.553325504064559937e-01,-2.090090066194534302e-01,1.068612635135650635e-01,-6.702291220426559448e-02,-9.628895204514265060e-04,8.323866128921508789e-02,-1.429417729377746582e-01,3.204851746559143066e-01,-1.007458686828613281e+00,1.088609218597412109e+00,6.626272946596145630e-02,4.802213807124644518e-04,1.341429501771926880e-01,-9.296306222677230835e-02,-2.339028120040893555e-01,6.601806879043579102e-01,1.140144824981689453e+00,-1.388688683509826660e-01,-4.253430664539337158e-02,-5.255125090479850769e-02
-6.452607363462448120e-02,-3.146366402506828308e-02,7.831343412399291992e-01,1.000000000000000000e+00,3.774642944335937500e-03,2.392768859863281250e-03,-4.827499389648437500e-03,4.386709257960319519e-02,1.192111223936080933e-01,1.969783157110214233e-01,1.358936727046966553e-01,-1.505020856857299805e-01,-1.201640591025352478e-01,2.083138190209865570e-02,-1.140683367848396301e-01,-6.820565462112426758e-02,1.557045280933380127e-01,-2.096406966447830200e-01,1.064922213554382324e-01,-6.733941286802291870e-02,-9.350590989924967289e-04,8.281404525041580200e-02,-1.430038213729858398e-01,3.203977346420288086e-01,-1.007552862167358398e+00,1.088479161262512207e+00,6.669890135526657104e-02,6.436045514419674873e-04,1.348968744277954102e-01,-9.274923056364059448e-02,-2.343688458204269409e-01,6.597539782524108887e-01,1.140303969383239746e+00,-1.387800276279449463e-01,-4.261209070682525635e-02,-5.285516008734703064e-02
-6.484878063201904297e-02,-3.144026175141334534e-02,7.831181287765502930e-01,1.000000000000000000e+00,3.756523132324218750e-03,2.475738525390625000e-03,-5.632400512695312500e-03,4.444139078259468079e-02,1.190647706389427185e-01,1.981972903013229370e-01,1.351290494203567505e-01,-1.505608260631561279e-01,-1.204592660069465637e-01,2.003060095012187958e-02,-1.137250959873199463e-01,-6.650740653276443481e-02,1.563091576099395752e-01,-2.104365676641464233e-01,1.060613021254539490e-01,-6.786040961742401123e-02,-9.552332339808344841e-04,8.238674700260162354e-02,-1.429309695959091187e-01,3.198980093002319336e-01,-1.007426500320434570e+00,1.089344978332519531e+00,6.581126153469085693e-02,8.568291668780148029e-04,1.354233324527740479e-01,-9.208241105079650879e-02,-2.348297983407974243e-01,6.587834954261779785e-01,1.140477061271667480e+00,-1.379960328340530396e-01,-4.295700415968894958e-02,-5.322309955954551697e-02
-6.543886661529541016e-02,-3.156207129359245300e-02,7.830737829208374023e-01,1.000000000000000000e+00,3.727912902832031250e-03,2.520561218261718750e-03,-6.406784057617187500e-03,4.536375775933265686e-02,1.193164139986038208e-01,2.002290934324264526e-01,1.341000646352767944e-01,-1.507570445537567139e-01,-1.209352463483810425e-01,1.921378634870052338e-02,-1.132310852408409119e-01,-6.446509063243865967e-02,1.570809632539749146e-01,-2.114608436822891235e-01,1.053752228617668152e-01,-6.854114681482315063e-02,-1.015690271742641926e-03,8.190825581550598145e-02,-1.431250572204589844e-01,3.194996118545532227e-01,-1.008670568466186523e+00,1.091179847717285156e+00,6.522285938262939453e-02,6.876381812617182732e-04,1.354154199361801147e-01,-9.184542298316955566e-02,-2.347276806831359863e-01,6.573974490165710449e-01,1.140806317329406738e+00,-1.369370073080062866e-01,-4.286585748195648193e-02,-5.408404394984245300e-02
-6.604318320751190186e-02,-3.162469714879989624e-02,7.830799221992492676e-01,1.000000000000000000e+00,3.690719604492187500e-03,2.569198608398437500e-03,-7.242202758789062500e-03,4.652248322963714600e-02,1.196084693074226379e-01,2.021176964044570923e-01,1.331725567579269409e-01,-1.509772837162017822e-01,-1.213189661502838135e-01,1.846604235470294952e-02,-1.126625016331672668e-01,-6.294336915016174316e-02,1.579468250274658203e-01,-2.124916464090347290e-01,1.047615483403205872e-01,-6.924320012331008911e-02,-1.203180989250540733e-03,8.150758594274520874e-02,-1.432387977838516235e-01,3.185787498950958252e-01,-1.010878086090087891e+00,1.093823909759521484e+00,6.512144207954406738e-02,1.012308755889534950e-03,1.347902715206146240e-01,-9.134579449892044067e-02,-2.341209501028060913e-01,6.564143896102905273e-01,1.140611529350280762e+00,-1.356030553579330444e-01,-4.307208582758903503e-02,-5.426403135061264038e-02
-6.671892106533050537e-02,-3.167771548032760620e-02,7.830170989036560059e-01,1.000000000000000000e+00,3.632545471191406250e-03,2.680778503417968750e-03,-8.090972900390625000e-03,4.767626523971557617e-02,1.203224435448646545e-01,2.041459381580352783e-01,1.317979395389556885e-01,-1.508447378873825073e-01,-1.216848641633987427e-01,1.771378517150878906e-02,-1.119334101676940918e-01,-6.152494996786117554e-02,1.585997194051742554e-01,-2.135798335075378418e-01,1.041773185133934021e-01,-6.953033804893493652e-02,-1.253659487701952457e-03,8.097223192453384399e-02,-1.436519473791122437e-01,3.179164230823516846e-01,-1.012911558151245117e+00,1.096304416656494141e+00,6.506712734699249268e-02,1.236297888681292534e-03,1.337713748216629028e-01,-9.101695567369461060e-02,-2.331819683313369751e-01,6.548317670822143555e-01,1.140860676765441895e+00,-1.341112852096557617e-01,-4.366364330053329468e-02,-5.396258458495140076e-02
-6.769879162311553955e-02,-3.194824233651161194e-02,7.830313444137573242e-01,1.000000000000000000e+00,3.599166870117187500e-03,2.837181091308593750e-03,-8.781433105468750000e-03,4.843543842434883118e-02,1.208657473325729370e-01,2.054591476917266846e-01,1.304777860641479492e-01,-1.504544168710708618e-01,-1.218439638614654541e-01,1.688761636614799500e-02,-1.111537367105484009e-01,-6.033070385456085205e-02,1.592243313789367676e-01,-2.146895676851272583e-01,1.035914644598960876e-01,-7.016659528017044067e-02,-1.528268796391785145e-03,8.043787628412246704e-02,-1.438670456409454346e-01,3.171553611755371094e-01,-1.015577316284179688e+00,1.098304867744445801e+00,6.634252518415451050e-02,1.728090341202914715e-03,1.326616257429122925e-01,-9.053870290517807007e-02,-2.314011603593826294e-01,6.528483033180236816e-01,1.140470266342163086e+00,-1.334314942359924316e-01,-4.433702304959297180e-02,-5.414456501603126526e-02
-6.887857615947723389e-02,-3.244406729936599731e-02,7.829768657684326172e-01,1.000000000000000000e+00,3.563880920410156250e-03,3.044128417968750000e-03,-9.311676025390625000e-03,4.909214749932289124e-02,1.215060949325561523e-01,2.070886492729187012e-01,1.290368586778640747e-01,-1.498499065637588501e-01,-1.221155226230621338e-01,1.612705551087856293e-02,-1.101561337709426880e-01,-5.903604999184608459e-02,1.593452990055084229e-01,-2.155844867229461670e-01,1.028139516711235046e-01,-7.074350118637084961e-02,-1.903727184981107712e-03,8.001133054494857788e-02,-1.449107676744461060e-01,3.171676099300384521e-01,-1.017887592315673828e+00,1.099256038665771484e+00,6.715295463800430298e-02,1.614380045793950558e-03,1.316248029470443726e-01,-9.012438356876373291e-02,-2.293621450662612915e-01,6.507735848426818848e-01,1.140425920486450195e+00,-1.327726542949676514e-01,-4.493495821952819824e-02,-5.338263884186744690e-02
-6.927070766687393188e-02,-3.325413540005683899e-02,7.830368876457214355e-01,1.000000000000000000e+00,3.520011901855468750e-03,3.346443176269531250e-03,-9.899139404296875000e-03,4.939720034599304199e-02,1.225729435682296753e-01,2.085253596305847168e-01,1.274443566799163818e-01,-1.490739136934280396e-01,-1.225030869245529175e-01,1.547800097614526749e-02,-1.089749932289123535e-01,-5.826446413993835449e-02,1.588423997163772583e-01,-2.160828262567520142e-01,1.021150499582290649e-01,-7.119651883840560913e-02,-2.203176496550440788e-03,7.990693300962448120e-02,-1.469744145870208740e-01,3.168429434299468994e-01,-1.019432067871093750e+00,1.100219488143920898e+00,6.699821352958679199e-02,1.292038476094603539e-03,1.315977573394775391e-01,-9.060832113027572632e-02,-2.271283417940139771e-01,6.496137380599975586e-01,1.141844987869262695e+00,-1.320198327302932739e-01,-4.557193070650100708e-02,-5.254422500729560852e-02
-7.015246152877807617e-02,-3.381047770380973816e-02,7.830647230148315430e-01,1.000000000000000000e+00,3.427505493164062500e-03,3.705024719238281250e-03,-1.024246215820312500e-02,4.968692734837532043e-02,1.237000972032546997e-01,2.099624723196029663e-01,1.256837248802185059e-01,-1.478130519390106201e-01,-1.228565797209739685e-01,1.480839028954505920e-02,-1.073632910847663879e-01,-5.716345459222793579e-02,1.583864390850067139e-01,-2.166227102279663086e-01,1.013827547430992126e-01,-7.172954827547073364e-02,-2.573670586571097374e-03,7.987705618143081665e-02,-1.499306559562683105e-01,3.171649575233459473e-01,-1.021023988723754883e+00,1.100362062454223633e+00,6.670581549406051636e-02,1.228722510859370232e-03,1.310536414384841919e-01,-9.168370813131332397e-02,-2.245415002107620239e-01,6.484580636024475098e-01,1.143971204757690430e+00,-1.313363313674926758e-01,-4.561152681708335876e-02,-5.123471096158027649e-02
-7.127736508846282959e-02,-3.464572504162788391e-02,7.831758260726928711e-01,9.998779296875000000e-01,3.315376583486795425e-03,4.087947309017181396e-03,-1.066719554364681244e-02,4.967870563268661499e-02,1.248891502618789673e-01,2.108011692762374878e-01,1.238307952880859375e-01,-1.460279673337936401e-01,-1.230515837669372559e-01,1.432877965271472931e-02,-1.056068614125251770e-01,-5.585400387644767761e-02,1.572188585996627808e-01,-2.166911810636520386e-01,1.004210114479064941e-01,-7.202406227588653564e-02,-2.962380181998014450e-03,7.972001284360885620e-02,-1.522584557533264160e-01,3.171125948429107666e-01,-1.021218061447143555e+00,1.100211262702941895e+00,6.527475267648696899e-02,1.228141481988132000e-03,1.308052837848663330e-01,-9.245212376117706299e-02,-2.219531089067459106e-01,6.466444730758666992e-01,1.146044731140136719e+00,-1.310923546552658081e-01,-4.618144035339355469e-02,-4.897554963827133179e-02
-7.223480939865112305e-02,-3.544742241501808167e-02,7.833322286605834961e-01,9.998779296875000000e-01,3.253380302339792252e-03,4.648776259273290634e-03,-1.081980206072330475e-02,4.938337206840515137e-02,1.259558349847793579e-01,2.120615243911743164e-01,1.218922510743141174e-01,-1.437848061323165894e-01,-1.230494752526283264e-01,1.400002557784318924e-02,-1.037219166755676270e-01,-5.434701219201087952e-02,1.551021337509155273e-01,-2.160633653402328491e-01,9.950088709592819214e-02,-7.221126556396484375e-02,-3.404034767299890518e-03,7.937875390052795410e-02,-1.554076522588729858e-01,3.170653581619262695e-01,-1.019751787185668945e+00,1.101464271545410156e+00,6.342096626758575439e-02,1.311945263296365738e-03,1.302908658981323242e-01,-9.357319772243499756e-02,-2.198336124420166016e-01,6.439255475997924805e-01,1.148227930068969727e+00,-1.311964392662048340e-01,-4.710196703672409058e-02,-4.679570719599723816e-02
-7.298066467046737671e-02,-3.610456734895706177e-02,7.835906147956848145e-01,9.998779296875000000e-01,3.253380302339792252e-03,5.301169119775295258e-03,-1.094951760023832321e-02,4.856834560632705688e-02,1.270074695348739624e-01,2.132640331983566284e-01,1.196655184030532837e-01,-1.406068652868270874e-01,-1.225736066699028015e-01,1.341452077031135559e-02,-1.017760485410690308e-01,-5.266096070408821106e-02,1.527566015720367432e-01,-2.152255028486251831e-01,9.848157316446304321e-02,-7.226385921239852905e-02,-4.000838380306959152e-03,7.887370139360427856e-02,-1.584860235452651978e-01,3.175377249717712402e-01,-1.016843557357788086e+00,1.102251052856445312e+00,6.170430406928062439e-02,1.201136154122650623e-03,1.294602006673812866e-01,-9.565850347280502319e-02,-2.181425988674163818e-01,6.403322815895080566e-01,1.150696635246276855e+00,-1.314431428909301758e-01,-4.765914380550384521e-02,-4.516730085015296936e-02
-7.317219674587249756e-02,-3.661983460187911987e-02,7.839426398277282715e-01,9.998779296875000000e-01,3.444138448685407639e-03,5.978360306471586227e-03,-1.095714792609214783e-02,4.770589992403984070e-02,1.273547112941741943e-01,2.143594920635223389e-01,1.175878047943115234e-01,-1.368214339017868042e-01,-1.219942048192024231e-01,1.261371374130249023e-02,-9.981945157051086426e-02,-5.081052705645561218e-02,1.511978358030319214e-01,-2.146224230527877808e-01,9.750198572874069214e-02,-7.273299992084503174e-02,-5.044291727244853973e-03,7.814730703830718994e-02,-1.611800491809844971e-01,3.180421590805053711e-01,-1.012450933456420898e+00,1.102484226226806641e+00,5.906313657760620117e-02,1.325858640484511852e-03,1.288149058818817139e-01,-9.829934686422348022e-02,-2.173025906085968018e-01,6.349483132362365723e-01,1.151475906372070312e+00,-1.330460011959075928e-01,-4.787691682577133179e-02,-4.324009642004966736e-02
-7.362809777259826660e-02,-3.686860203742980957e-02,7.844520807266235352e-01,9.998779296875000000e-01,3.838053904473781586e-03,6.754746194928884506e-03,-1.057944726198911667e-02,4.552051052451133728e-02,1.272941976785659790e-01,2.150936871767044067e-01,1.156563758850097656e-01,-1.319304704666137695e-01,-1.213507354259490967e-01,1.067142840474843979e-02,-9.850253909826278687e-02,-4.893299937248229980e-02,1.515171229839324951e-01,-2.147350758314132690e-01,9.601877629756927490e-02,-7.404920458793640137e-02,-6.525210104882717133e-03,7.713283598423004150e-02,-1.640291810035705566e-01,3.190485239028930664e-01,-1.006646633148193359e+00,1.100218892097473145e+00,5.572227388620376587e-02,1.492143375799059868e-03,1.283769607543945312e-01,-1.010803654789924622e-01,-2.175635844469070435e-01,6.257059574127197266e-01,1.149838924407958984e+00,-1.326876729726791382e-01,-4.851374402642250061e-02,-4.205290228128433228e-02
-7.384333014488220215e-02,-3.709162399172782898e-02,7.850919365882873535e-01,9.999389648437500000e-01,4.505432676523923874e-03,7.709973957389593124e-03,-9.350393898785114288e-03,4.162244126200675964e-02,1.266089528799057007e-01,2.152170985937118530e-01,1.149993240833282471e-01,-1.267425417900085449e-01,-1.210316866636276245e-01,6.869386881589889526e-03,-9.780810028314590454e-02,-4.792359843850135803e-02,1.558388173580169678e-01,-2.161556780338287354e-01,9.372185170650482178e-02,-7.616986334323883057e-02,-8.559330366551876068e-03,7.585369050502777100e-02,-1.682057976722717285e-01,3.209097087383270264e-01,-1.000679492950439453e+00,1.095770359039306641e+00,5.323287844657897949e-02,1.543971244245767593e-03,1.270138770341873169e-01,-1.035843789577484131e-01,-2.187141478061676025e-01,6.109411120414733887e-01,1.145597696304321289e+00,-1.329683214426040649e-01,-5.033994466066360474e-02,-4.088486358523368835e-02
-7.466176897287368774e-02,-3.757888078689575195e-02,7.857586145401000977e-01,9.999389648437500000e-01,5.689968355000019073e-03,8.656076155602931976e-03,-6.918375845998525620e-03,3.518627211451530457e-02,1.250581890344619751e-01,2.134798765182495117e-01,1.161829009652137756e-01,-1.197228431701660156e-01,-1.206993088126182556e-01,-1.941212220117449760e-03,-9.875968843698501587e-02,-4.869798570871353149e-02,1.710450798273086548e-01,-2.219574004411697388e-01,8.956813812255859375e-02,-7.881530374288558960e-02,-1.204109098762273788e-02,7.561704516410827637e-02,-1.750027984380722046e-01,3.261078596115112305e-01,-9.960271716117858887e-01,1.084907412528991699e+00,5.403901636600494385e-02,1.771550392732024193e-03,1.240352094173431396e-01,-1.059262305498123169e-01,-2.203537970781326294e-01,5.920076966285705566e-01,1.137278556823730469e+00,-1.292749196290969849e-01,-5.298058316111564636e-02,-3.926739096641540527e-02
-7.705587148666381836e-02,-3.818108141422271729e-02,7.862244844436645508e-01,9.999389648437500000e-01,8.270768448710441589e-03,9.846334345638751984e-03,-2.349996939301490784e-03,2.440029010176658630e-02,1.204955875873565674e-01,2.084312140941619873e-01,1.205942705273628235e-01,-1.107339560985565186e-01,-1.195179373025894165e-01,-2.080035023391246796e-02,-1.047472208738327026e-01,-5.243055522441864014e-02,2.071948498487472534e-01,-2.355642318725585938e-01,8.492986112833023071e-02,-8.170455694198608398e-02,-1.925603114068508148e-02,7.767818868160247803e-02,-1.879549771547317505e-01,3.370665013790130615e-01,-9.971884489059448242e-01,1.064334034919738770e+00,6.302674114704132080e-02,1.738142338581383228e-03,1.182204708456993103e-01,-1.096932888031005859e-01,-2.226729840040206909e-01,5.713158845901489258e-01,1.123826503753662109e+00,-1.230592057108879089e-01,-5.711908265948295593e-02,-3.821757435798645020e-02
-8.148123323917388916e-02,-3.963618353009223938e-02,7.865445613861083984e-01,9.998168945312500000e-01,1.230083592236042023e-02,1.162551157176494598e-02,5.873802118003368378e-03,4.970835871063172817e-04,1.131266802549362183e-01,1.947223395109176636e-01,1.386487931013107300e-01,-1.002222523093223572e-01,-1.175437346100807190e-01,-5.760590359568595886e-02,-1.171879768371582031e-01,-6.366375088691711426e-02,2.767744064331054688e-01,-2.583323717117309570e-01,7.979737222194671631e-02,-8.456905931234359741e-02,-3.185748308897018433e-02,8.569670468568801880e-02,-2.101504802703857422e-01,3.608211576938629150e-01,-1.005719423294067383e+00,1.024714231491088867e+00,8.493860065937042236e-02,2.405864361207932234e-04,1.082194671034812927e-01,-1.178640127182006836e-01,-2.252347320318222046e-01,5.487896203994750977e-01,1.104773163795471191e+00,-1.143207326531410217e-01,-6.295949965715408325e-02,-3.836789727210998535e-02
-8.883695304393768311e-02,-4.168269410729408264e-02,7.864257097244262695e-01,9.995726346969604492e-01,1.545231323689222336e-02,1.571564003825187683e-02,1.923429407179355621e-02,-5.939795821905136108e-02,1.117121651768684387e-01,1.676611453294754028e-01,2.056109309196472168e-01,-9.929680824279785156e-02,-1.176897212862968445e-01,-1.226368695497512817e-01,-1.297385096549987793e-01,-7.590351253747940063e-02,3.828117847442626953e-01,-2.817535102367401123e-01,7.643009722232818604e-02,-8.601731061935424805e-02,-4.667850211262702942e-02,1.038374528288841248e-01,-2.485612481832504272e-01,4.077800512313842773e-01,-1.015184164047241211e+00,9.547678232192993164e-01,1.281197220087051392e-01,-5.673502106219530106e-03,9.537199884653091431e-02,-1.356272250413894653e-01,-2.278076559305191040e-01,5.223884582519531250e-01,1.073678851127624512e+00,-1.141248568892478943e-01,-6.789037585258483887e-02,-4.231629520654678345e-02
-9.949862957000732422e-02,-4.514766857028007507e-02,7.867821455001831055e-01,9.989007711410522461e-01,1.200278755277395248e-02,2.164549753069877625e-02,3.967068344354629517e-02,-1.587452739477157593e-01,1.252107024192810059e-01,1.169811114668846130e-01,3.178363144397735596e-01,-9.593326598405838013e-02,-1.274659484624862671e-01,-2.168072760105133057e-01,-1.269729733467102051e-01,-8.005578815937042236e-02,5.239958167076110840e-01,-2.854804992675781250e-01,6.301461905241012573e-02,-8.717743307352066040e-02,-5.484149232506752014e-02,1.405811607837677002e-01,-2.963389456272125244e-01,4.806387126445770264e-01,-1.007055163383483887e+00,8.634621500968933105e-01,1.713582277297973633e-01,-1.835016347467899323e-02,9.490241855382919312e-02,-1.625709235668182373e-01,-2.318486720323562622e-01,4.950878322124481201e-01,1.023525714874267578e+00,-1.333250105381011963e-01,-7.448762655258178711e-02,-4.562211036682128906e-02
-1.124663352966308594e-01,-5.188469588756561279e-02,7.868755459785461426e-01,9.970660209655761719e-01,2.777858870103955269e-03,2.869441919028759003e-02,7.097851485013961792e-02,-2.869381010532379150e-01,1.371882259845733643e-01,3.628723695874214172e-02,4.438475966453552246e-01,-6.629664450883865356e-02,-1.477903127670288086e-01,-3.274092376232147217e-01,-8.461162447929382324e-02,-1.843301951885223389e-02,6.449137330055236816e-01,-2.425683736801147461e-01,6.579807400703430176e-02,-9.020022302865982056e-02,-5.668749660253524780e-02,1.920769959688186646e-01,-3.553337752819061279e-01,5.745096802711486816e-01,-9.515725970268249512e-01,7.580581903457641602e-01,1.926399618387222290e-01,-3.441797196865081787e-02,1.215569227933883667e-01,-1.974079310894012451e-01,-2.403839081525802612e-01,4.853413701057434082e-01,9.411811828613281250e-01,-1.646517664194107056e-01,-8.208405971527099609e-02,-5.519504100084304810e-02
-1.255675554275512695e-01,-6.177361309528350830e-02,7.859041690826416016e-01,9.922797679901123047e-01,-5.521486047655344009e-03,3.815159574151039124e-02,1.177609488368034363e-01,-4.128589630126953125e-01,1.189554184675216675e-01,-7.134175300598144531e-02,5.259498357772827148e-01,-8.501640520989894867e-03,-1.830288469791412354e-01,-4.254472255706787109e-01,-1.749398745596408844e-02,1.028128415346145630e-01,7.192416787147521973e-01,-1.728093624114990234e-01,1.182371005415916443e-01,-1.056506410241127014e-01,-6.313986331224441528e-02,2.495574951171875000e-01,-4.132094979286193848e-01,6.744244098663330078e-01,-8.517522811889648438e-01,6.590366959571838379e-01,1.825996041297912598e-01,-4.528105258941650391e-02,1.719427406787872314e-01,-2.346815168857574463e-01,-2.617959380149841309e-01,4.944286048412322998e-01,8.257176876068115234e-01,-2.003800570964813232e-01,-9.070201218128204346e-02,-7.262936979532241821e-02
-1.377878338098526001e-01,-7.494249939918518066e-02,7.846691608428955078e-01,9.826994538307189941e-01,-1.147864665836095810e-02,4.835239052772521973e-02,1.781926900148391724e-01,-5.165944099426269531e-01,6.233217194676399231e-02,-1.983447372913360596e-01,5.498523116111755371e-01,6.945462524890899658e-02,-2.303387969732284546e-01,-4.927766621112823486e-01,3.871245682239532471e-02,2.566979825496673584e-01,7.487748265266418457e-01,-1.177236288785934448e-01,1.936753839254379272e-01,-1.344437748193740845e-01,-7.393969595432281494e-02,3.141294121742248535e-01,-4.631292223930358887e-01,7.655278444290161133e-01,-7.248947620391845703e-01,5.747126340866088867e-01,1.730713844299316406e-01,-6.370272487401962280e-02,2.188374251127243042e-01,-2.690775692462921143e-01,-2.917211353778839111e-01,5.040977597236633301e-01,6.902778744697570801e-01,-2.194688916206359863e-01,-1.105951145291328430e-01,-9.654585272073745728e-02
-1.502570509910583496e-01,-9.029579162597656250e-02,7.794572114944458008e-01,9.674891233444213867e-01,-1.672965660691261292e-02,5.884359776973724365e-02,2.456574440002441406e-01,-6.141965985298156738e-01,-1.639762707054615021e-02,-3.159071505069732666e-01,5.692003965377807617e-01,1.258701682090759277e-01,-2.680590152740478516e-01,-5.473846793174743652e-01,7.016535103321075439e-02,4.126572906970977783e-01,7.745332717895507812e-01,-1.063039079308509827e-01,2.370942533016204834e-01,-1.654756069183349609e-01,-8.125369250774383545e-02,3.791204988956451416e-01,-5.044881701469421387e-01,8.373596072196960449e-01,-5.877200365066528320e-01,5.054913163185119629e-01,1.729136854410171509e-01,-9.311706572771072388e-02,2.553885579109191895e-01,-2.802681326866149902e-01,-3.246924281120300293e-01,4.902912974357604980e-01,5.551092028617858887e-01,-2.313983887434005737e-01,-1.282716095447540283e-01,-1.353410929441452026e-01
-1.618626117706298828e-01,-1.071087270975112915e-01,7.670635581016540527e-01,9.472796916961669922e-01,-2.042394690215587616e-02,7.085912674665451050e-02,3.118510246276855469e-01,-7.159268260002136230e-01,-6.651700288057327271e-02,-3.136325180530548096e-01,6.599730849266052246e-01,6.589066982269287109e-02,-2.690523564815521240e-01,-6.002767682075500488e-01,9.191212803125381470e-02,5.552846193313598633e-01,8.332561254501342773e-01,-1.455274969339370728e-01,2.639884650707244873e-01,-1.858992129564285278e-01,-8.351364731788635254e-02,4.387525618076324463e-01,-5.377495288848876953e-01,8.943903446197509766e-01,-4.474442899227142334e-01,4.421725869178771973e-01,1.878876984119415283e-01,-1.332212239503860474e-01,2.866272032260894775e-01,-2.787020206451416016e-01,-3.669714331626892090e-01,4.539979696273803711e-01,4.286873638629913330e-01,-2.337980270385742188e-01,-1.452797800302505493e-01,-1.950852423906326294e-01
-1.714763194322586060e-01,-1.251035630702972412e-01,7.476539611816406250e-01,9.249815344810485840e-01,-2.983359061181545258e-02,8.469209074974060059e-02,3.693855404853820801e-01,-8.339476585388183594e-01,-5.249187722802162170e-02,-2.209354490041732788e-01,8.684623241424560547e-01,-8.620836585760116577e-02,-2.184513509273529053e-01,-6.804581284523010254e-01,9.493826329708099365e-02,5.794344544410705566e-01,9.385960698127746582e-01,-2.013844847679138184e-01,2.747711837291717529e-01,-1.915810108184814453e-01,-7.074182480573654175e-02,4.741491973400115967e-01,-5.571069121360778809e-01,9.350333213806152344e-01,-3.112369775772094727e-01,3.978500366210937500e-01,2.142740488052368164e-01,-1.749747991561889648e-01,3.295543491840362549e-01,-2.725931704044342041e-01,-4.145967662334442139e-01,4.042063355445861816e-01,3.312112689018249512e-01,-2.213190197944641113e-01,-1.596638709306716919e-01,-2.681998908519744873e-01
-1.777688413858413696e-01,-1.426723897457122803e-01,7.236345410346984863e-01,9.011846780776977539e-01,-4.037628695368766785e-02,9.952583909034729004e-02,4.200471341609954834e-01,-9.374175071716308594e-01,-2.843624353408813477e-02,-1.541126370429992676e-01,1.076126217842102051e+00,-2.104904204607009888e-01,-1.709075868129730225e-01,-7.958829998970031738e-01,5.265282467007637024e-02,4.811660051345825195e-01,1.088440060615539551e+00,-2.741082012653350830e-01,2.674116790294647217e-01,-1.905085295438766479e-01,-6.240799650549888611e-02,4.882969856262207031e-01,-5.637469887733459473e-01,9.742347002029418945e-01,-1.953774243593215942e-01,3.690728545188903809e-01,2.476371377706527710e-01,-2.052731513977050781e-01,3.879827260971069336e-01,-2.640047371387481689e-01,-4.601781070232391357e-01,3.501180410385131836e-01,2.767894268035888672e-01,-2.232136428356170654e-01,-1.704800277948379517e-01,-3.559489250183105469e-01
-1.806635111570358276e-01,-1.599226444959640503e-01,6.956424117088317871e-01,8.726950883865356445e-01,-5.517944693565368652e-02,1.131258383393287659e-01,4.716665744781494141e-01,-1.030699014663696289e+00,-2.118727937340736389e-02,-1.266473084688186646e-01,1.253735780715942383e+00,-3.058538436889648438e-01,-1.417613625526428223e-01,-8.988091349601745605e-01,-1.973532326519489288e-02,3.647907376289367676e-01,1.215664625167846680e+00,-3.574066460132598877e-01,2.564481198787689209e-01,-1.844602972269058228e-01,-4.617226496338844299e-02,4.921658337116241455e-01,-5.554742217063903809e-01,1.000816226005554199e+00,-7.782749086618423462e-02,3.605469167232513428e-01,2.640866041183471680e-01,-2.391659021377563477e-01,4.618550240993499756e-01,-2.475340813398361206e-01,-4.973390102386474609e-01,2.973877191543579102e-01,2.703072726726531982e-01,-2.240462750196456909e-01,-1.797798424959182739e-01,-4.479058682918548584e-01
-1.814524233341217041e-01,-1.751705408096313477e-01,6.683363914489746094e-01,8.395439386367797852e-01,-7.331378012895584106e-02,1.239177808165550232e-01,5.238788723945617676e-01,-1.131300449371337891e+00,-3.429466113448143005e-02,-1.152683570981025696e-01,1.400060057640075684e+00,-3.601176142692565918e-01,-1.174290701746940613e-01,-9.748179316520690918e-01,-1.049256399273872375e-01,2.650693953037261963e-01,1.310656189918518066e+00,-4.507996141910552979e-01,2.476507723331451416e-01,-1.717669516801834106e-01,-2.280052565038204193e-02,4.917752146720886230e-01,-5.442693829536437988e-01,9.951946139335632324e-01,4.341022670269012451e-02,3.759322464466094971e-01,2.458869665861129761e-01,-2.671512067317962646e-01,5.517380237579345703e-01,-2.369034588336944580e-01,-5.152938961982727051e-01,2.642447948455810547e-01,3.361909687519073486e-01,-2.289403229951858521e-01,-1.906984895467758179e-01,-5.512984991073608398e-01
-1.818673461675643921e-01,-1.875781714916229248e-01,6.425428390502929688e-01,8.021425604820251465e-01,-9.648946672677993774e-02,1.279075741767883301e-01,5.752416849136352539e-01,-1.237528085708618164e+00,-4.901136457920074463e-02,-9.284051507711410522e-02,1.531844258308410645e+00,-3.949384987354278564e-01,-8.291901648044586182e-02,-1.028703927993774414e+00,-1.903089284896850586e-01,1.721709221601486206e-01,1.390767812728881836e+00,-5.341553688049316406e-01,2.408615499734878540e-01,-1.485675126314163208e-01,1.341663487255573273e-02,4.907454252243041992e-01,-5.327068567276000977e-01,9.283521771430969238e-01,1.505637913942337036e-01,4.148235023021697998e-01,1.830911636352539062e-01,-2.867914140224456787e-01,6.413369774818420410e-01,-2.427136152982711792e-01,-5.032837986946105957e-01,2.884702384471893311e-01,4.938358962535858154e-01,-2.564849257469177246e-01,-1.970574557781219482e-01,-6.729468107223510742e-01
-1.844043880701065063e-01,-1.948896348476409912e-01,6.184035539627075195e-01,7.632496356964111328e-01,-1.184018626809120178e-01,1.164826452732086182e-01,6.243861317634582520e-01,-1.299277901649475098e+00,-4.503659904003143311e-02,-4.285261780023574829e-02,1.644022464752197266e+00,-4.409860968589782715e-01,-3.839334845542907715e-02,-1.030085802078247070e+00,-2.578209638595581055e-01,8.590057492256164551e-02,1.452383041381835938e+00,-5.970934033393859863e-01,2.502371370792388916e-01,-1.035205200314521790e-01,6.048502773046493530e-02,4.936839938163757324e-01,-5.104565620422363281e-01,7.923251390457153320e-01,1.742898970842361450e-01,5.041468143463134766e-01,1.061375141143798828e-01,-2.996164262294769287e-01,6.847723126411437988e-01,-2.931900918483734131e-01,-4.573908746242523193e-01,4.009150266647338867e-01,7.161808013916015625e-01,-2.817514836788177490e-01,-2.079798579216003418e-01,-7.669425606727600098e-01
-1.883167624473571777e-01,-1.958875507116317749e-01,5.980245471000671387e-01,7.242802977561950684e-01,-1.350638717412948608e-01,8.824130147695541382e-02,6.704527139663696289e-01,-1.301521301269531250e+00,-5.225567147135734558e-02,-4.636418307200074196e-04,1.731862545013427734e+00,-5.103669166564941406e-01,2.452278742566704750e-03,-9.658393859863281250e-01,-3.084032833576202393e-01,-3.755473531782627106e-03,1.504841089248657227e+00,-6.589635610580444336e-01,2.571552991867065430e-01,-3.967699408531188965e-02,1.138024255633354187e-01,4.957846105098724365e-01,-4.735432267189025879e-01,6.178520321846008301e-01,4.423358663916587830e-02,7.078623175621032715e-01,3.635374829173088074e-02,-3.036725521087646484e-01,6.392762660980224609e-01,-4.092655181884765625e-01,-3.991910219192504883e-01,5.895055532455444336e-01,9.199077486991882324e-01,-2.883329987525939941e-01,-2.261418402194976807e-01,-7.999345064163208008e-01
-1.941490918397903442e-01,-1.930709928274154663e-01,5.834570527076721191e-01,6.839937567710876465e-01,-1.433256119489669800e-01,4.901556298136711121e-02,7.135109901428222656e-01,-1.251706123352050781e+00,-5.196796730160713196e-02,3.476512804627418518e-02,1.795415759086608887e+00,-6.318804621696472168e-01,6.758220493793487549e-02,-8.283981084823608398e-01,-3.386418521404266357e-01,-9.589486569166183472e-02,1.519643425941467285e+00,-7.306283712387084961e-01,2.614507675170898438e-01,2.761107683181762695e-02,1.590706259012222290e-01,5.004985928535461426e-01,-3.931216895580291748e-01,4.586375653743743896e-01,-1.836360692977905273e-01,9.943435192108154297e-01,2.732600271701812744e-02,-2.936287820339202881e-01,4.919168949127197266e-01,-5.863326787948608398e-01,-3.753854930400848389e-01,7.409180998802185059e-01,9.428078532218933105e-01,-2.444230020046234131e-01,-2.406174093484878540e-01,-8.602086901664733887e-01
-1.989379674196243286e-01,-1.871659308671951294e-01,5.823559761047363281e-01,6.421862840652465820e-01,-1.482467949390411377e-01,1.997191086411476135e-02,7.517882585525512695e-01,-1.186674833297729492e+00,-2.157743275165557861e-02,8.980700373649597168e-02,1.800772428512573242e+00,-7.006754875183105469e-01,1.878882795572280884e-01,-6.612039804458618164e-01,-3.567162454128265381e-01,-1.776073127985000610e-01,1.452570199966430664e+00,-7.840163111686706543e-01,2.597364485263824463e-01,6.947872042655944824e-02,1.617841869592666626e-01,4.822179973125457764e-01,-2.129229009151458740e-01,3.627264499664306641e-01,-3.882485330104827881e-01,1.276828765869140625e+00,1.055250167846679688e-01,-2.225510627031326294e-01,3.558169901371002197e-01,-8.052613735198974609e-01,-4.255611598491668701e-01,7.071451544761657715e-01,7.052112817764282227e-01,-2.021243423223495483e-01,-2.288081794977188110e-01,-1.035088539123535156e+00
-2.127814292907714844e-01,-1.765697300434112549e-01,6.000760197639465332e-01,6.042590737342834473e-01,-1.621402353048324585e-01,2.164218015968799591e-02,7.797837853431701660e-01,-1.118989229202270508e+00,-5.249005276709794998e-03,1.545591354370117188e-01,1.698744893074035645e+00,-7.129242420196533203e-01,2.960698902606964111e-01,-5.314527153968811035e-01,-3.784871399402618408e-01,-2.540347874164581299e-01,1.290866374969482422e+00,-7.741882801055908203e-01,2.489288747310638428e-01,8.912302553653717041e-02,9.876029938459396362e-02,3.943946659564971924e-01,8.815754950046539307e-02,3.334259390830993652e-01,-3.719191551208496094e-01,1.398992538452148438e+00,1.789735555648803711e-01,-1.162484511733055115e-01,2.496494501829147339e-01,-1.088730573654174805e+00,-5.167741179466247559e-01,4.816938638687133789e-01,4.360810220241546631e-01,-2.065869569778442383e-01,-1.342325061559677124e-01,-1.080082774162292480e+00
-2.444258630275726318e-01,-1.556639969348907471e-01,6.408318281173706055e-01,5.622830390930175781e-01,-1.960692107677459717e-01,2.881358377635478973e-02,8.028270602226257324e-01,-1.048522353172302246e+00,-1.514198817312717438e-02,1.730244606733322144e-01,1.472795963287353516e+00,-6.434215903282165527e-01,3.638245463371276855e-01,-3.534092903137207031e-01,-3.493903279304504395e-01,-4.091025292873382568e-01,9.408242106437683105e-01,-6.481930613517761230e-01,2.382092773914337158e-01,1.300280988216400146e-01,4.483472928404808044e-02,2.836455702781677246e-01,4.471939504146575928e-01,3.715748786926269531e-01,-2.468075007200241089e-01,1.347265481948852539e+00,1.809623986482620239e-01,-2.865477837622165680e-02,1.513202339410781860e-01,-1.413722038269042969e+00,-6.712561845779418945e-01,3.598375916481018066e-01,4.729994833469390869e-01,-1.387669891119003296e-01,-7.195653766393661499e-02,-1.035685062408447266e+00
-2.987900376319885254e-01,-1.222481578588485718e-01,7.033979296684265137e-01,5.041672587394714355e-01,-2.250432670116424561e-01,3.693318367004394531e-02,8.329018950462341309e-01,-9.208924174308776855e-01,-9.939520061016082764e-02,1.168184056878089905e-01,1.147046804428100586e+00,-4.274133145809173584e-01,3.519932031631469727e-01,-1.050966382026672363e-01,-2.524694502353668213e-01,-6.049373745918273926e-01,4.330261647701263428e-01,-3.309321105480194092e-01,2.489857822656631470e-01,1.444524973630905151e-01,-3.614594042301177979e-02,1.849876344203948975e-01,8.191405534744262695e-01,4.695613384246826172e-01,-7.306196540594100952e-02,1.167659878730773926e+00,1.864234805107116699e-01,-1.636270247399806976e-02,1.562535762786865234e-01,-1.481752634048461914e+00,-8.960174918174743652e-01,3.802478909492492676e-01,6.407811045646667480e-01,3.241867572069168091e-02,-5.779419839382171631e-02,-9.952414035797119141e-01
-3.643877506256103516e-01,-8.456993103027343750e-02,7.749159336090087891e-01,4.327544569969177246e-01,-2.648706734180450439e-01,3.583836555480957031e-02,8.609006404876708984e-01,-7.741965651512145996e-01,-1.952025890350341797e-01,-2.308749221265316010e-02,8.012321591377258301e-01,-7.458275556564331055e-02,2.294186949729919434e-01,-3.861884772777557373e-02,-1.163688227534294128e-01,-6.068500280380249023e-01,1.210936307907104492e-01,5.106949061155319214e-02,2.374839484691619873e-01,1.296824961900711060e-01,-8.477737009525299072e-02,7.289998233318328857e-02,1.092957854270935059e+00,5.536854267120361328e-01,9.612476825714111328e-02,1.047899723052978516e+00,1.409303843975067139e-01,-3.759851306676864624e-02,1.905892193317413330e-01,-1.170597434043884277e+00,-1.085505962371826172e+00,3.214799165725708008e-01,6.936092376708984375e-01,2.094331532716751099e-01,-5.272356420755386353e-02,-9.849851131439208984e-01
-4.263679981231689453e-01,-4.784752428531646729e-02,8.567548990249633789e-01,3.493108749389648438e-01,-3.222486674785614014e-01,2.227429300546646118e-02,8.795917034149169922e-01,-5.707314014434814453e-01,-1.969737857580184937e-01,-1.127104014158248901e-01,3.435570895671844482e-01,5.057504773139953613e-01,-3.348419442772865295e-02,-1.416136622428894043e-01,-3.422978892922401428e-02,-3.860041201114654541e-01,8.063766360282897949e-02,2.976925969123840332e-01,2.332316190004348755e-01,1.104121431708335876e-01,-5.666692182421684265e-02,-2.720230631530284882e-02,1.223045706748962402e+00,6.236088275909423828e-01,1.828959584236145020e-01,1.025582671165466309e+00,4.918967559933662415e-02,-6.151609495282173157e-02,2.283648550510406494e-01,-5.857937335968017578e-01,-1.221765756607055664e+00,1.025430411100387573e-01,5.516293048858642578e-01,3.224440515041351318e-01,-7.714091241359710693e-02,-9.962174892425537109e-01
-4.918973445892333984e-01,-2.009764872491359711e-02,9.378116130828857422e-01,2.570011317729949951e-01,-3.959936499595642090e-01,1.838690415024757385e-02,8.813247680664062500e-01,-5.174438357353210449e-01,-1.173329278826713562e-01,5.286590754985809326e-02,2.877862155437469482e-01,6.610531806945800781e-01,-3.698771446943283081e-02,-3.074001073837280273e-01,-8.471864461898803711e-02,-2.795557081699371338e-01,2.978386878967285156e-01,3.499636352062225342e-01,2.382544279098510742e-01,9.968607872724533081e-02,-1.667912676930427551e-02,-1.191289871931076050e-01,1.215167760848999023e+00,6.979806423187255859e-01,1.716207563877105713e-01,1.124833345413208008e+00,-1.489004939794540405e-01,-1.205200701951980591e-01,3.250887989997863770e-01,1.103751733899116516e-01,-1.135078668594360352e+00,-2.281970530748367310e-01,3.926937580108642578e-01,3.781203627586364746e-01,-1.438839286565780640e-01,-9.106265306472778320e-01
-5.689457058906555176e-01,4.203921183943748474e-03,9.945540428161621094e-01,1.829090416431427002e-01,-4.509148001670837402e-01,-5.589275620877742767e-03,8.736038208007812500e-01,-5.582703351974487305e-01,-2.712321653962135315e-02,9.977182000875473022e-02,7.704529762268066406e-01,3.915368616580963135e-01,6.449837703257799149e-03,-3.367732763290405273e-01,-2.386157661676406860e-01,-4.036539196968078613e-01,7.242037653923034668e-01,1.956827342510223389e-01,1.888095289468765259e-01,1.395341008901596069e-01,4.036151990294456482e-02,-1.603493243455886841e-01,1.161531686782836914e+00,7.551248669624328613e-01,1.058867201209068298e-01,1.259474277496337891e+00,-3.200612664222717285e-01,-2.004595994949340820e-01,2.792174816131591797e-01,5.450559854507446289e-01,-7.865608930587768555e-01,-6.147986650466918945e-01,2.452221214771270752e-01,3.669138848781585693e-01,-2.212795913219451904e-01,-7.712357640266418457e-01
-6.485576033592224121e-01,2.759554423391819000e-02,1.017263174057006836e+00,1.127748042345046997e-01,-5.341504216194152832e-01,-8.724019862711429596e-03,8.377972841262817383e-01,-5.293012857437133789e-01,-8.487981744110584259e-03,1.266116648912429810e-01,1.103952050209045410e+00,2.457330673933029175e-01,-4.723789542913436890e-02,-1.765752583742141724e-01,-4.408977925777435303e-01,-5.205752849578857422e-01,1.066403269767761230e+00,4.111575335264205933e-02,1.594384461641311646e-01,1.631017774343490601e-01,4.922293126583099365e-02,-2.187666893005371094e-01,1.117365717887878418e+00,7.050329446792602539e-01,1.475619804114103317e-02,1.336498737335205078e+00,-3.263994753360748291e-01,-2.456657737493515015e-01,8.589756488800048828e-02,5.542946457862854004e-01,-4.616713523864746094e-01,-9.414137601852416992e-01,8.310607820749282837e-02,3.441252410411834717e-01,-2.923466265201568604e-01,-8.730864524841308594e-01
-7.285567522048950195e-01,4.997315630316734314e-02,1.020750164985656738e+00,4.983413591980934143e-02,-6.374641060829162598e-01,-7.819454185664653778e-03,7.688468694686889648e-01,-4.180001318454742432e-01,3.881180658936500549e-02,8.053400367498397827e-02,1.155635595321655273e+00,1.154331117868423462e-01,-8.559466898441314697e-02,-5.630883201956748962e-02,-4.709094762802124023e-01,-4.809125363826751709e-01,1.199980854988098145e+00,-4.694978520274162292e-02,1.248557567596435547e-01,1.638657152652740479e-01,6.801642477512359619e-03,-2.905294299125671387e-01,1.026065587997436523e+00,5.783094763755798340e-01,-1.016928851604461670e-01,1.372328042984008789e+00,-2.756322622299194336e-01,-2.043263912200927734e-01,-6.005658581852912903e-02,4.597786366939544678e-01,-2.528499066829681396e-01,-1.237057209014892578e+00,-1.932621896266937256e-01,3.539751172065734863e-01,-3.427930474281311035e-01,-9.601143598556518555e-01
-8.094999790191650391e-01,7.086454331874847412e-02,1.014177083969116211e+00,-1.085824915207922459e-03,7.447939515113830566e-01,3.832142427563667297e-02,-6.662457585334777832e-01,-3.903373479843139648e-01,8.964039385318756104e-02,-9.868365526199340820e-02,1.118852615356445312e+00,3.757319971919059753e-02,-1.132970675826072693e-01,-9.289622306823730469e-02,-3.749607801437377930e-01,-4.169328212738037109e-01,1.105260014533996582e+00,-3.303365781903266907e-02,9.090819209814071655e-02,1.696691364049911499e-01,-3.161906450986862183e-02,-3.308444917201995850e-01,9.278445243835449219e-01,4.291741549968719482e-01,-2.288300991058349609e-01,1.362403392791748047e+00,-1.598682701587677002e-01,-1.591705977916717529e-01,-8.376920223236083984e-02,3.223645985126495361e-01,-1.456540822982788086e-01,-1.503313183784484863e+00,-5.221807360649108887e-01,3.858282864093780518e-01,-3.342938125133514404e-01,-9.119791984558105469e-01
-8.862608671188354492e-01,8.695633709430694580e-02,9.976415634155273438e-01,4.344448819756507874e-02,8.638378381729125977e-01,1.132612526416778564e-01,-4.889381527900695801e-01,-4.337367713451385498e-01,9.176916629076004028e-02,-2.103276401758193970e-01,9.205223917961120605e-01,9.812618792057037354e-02,-1.477939039468765259e-01,-3.177004754543304443e-01,-1.907858848571777344e-01,-3.055854141712188721e-01,8.912327885627746582e-01,1.259203553199768066e-01,1.000558659434318542e-01,1.214524656534194946e-01,-3.165824338793754578e-02,-1.136154755949974060e-01,5.587211847305297852e-01,2.205863147974014282e-01,-3.532619178295135498e-01,1.252302169799804688e+00,-3.207292407751083374e-02,-2.107094526290893555e-01,-2.975057996809482574e-02,-1.563670337200164795e-01,-1.044105216860771179e-01,-1.920662999153137207e+00,-4.942147731781005859e-01,4.931788444519042969e-01,-3.037465810775756836e-01,-6.564311385154724121e-01
-9.639508724212646484e-01,1.020415276288986206e-01,9.731212854385375977e-01,8.545214682817459106e-02,9.354143738746643066e-01,2.253711670637130737e-01,-2.586483359336853027e-01,-4.623032808303833008e-01,1.571791321039199829e-01,-9.823755919933319092e-02,6.741541028022766113e-01,2.518035173416137695e-01,-1.687616258859634399e-01,-6.262411475181579590e-01,2.660278230905532837e-02,-1.428041309118270874e-01,8.206980824470520020e-01,2.172734141349792480e-01,1.128422915935516357e-01,-4.708939697593450546e-03,3.697097301483154297e-02,4.492444396018981934e-01,-3.082670271396636963e-01,7.014090567827224731e-02,-3.242155909538269043e-01,1.173952817916870117e+00,-3.476561605930328369e-02,-2.748495936393737793e-01,1.662864722311496735e-02,-8.641814589500427246e-01,2.090762741863727570e-02,2.393937110900878906e+00,9.825895428657531738e-01,4.467046558856964111e-01,-2.790766954421997070e-01,-2.698863446712493896e-01
-1.038124203681945801e+00,1.185985505580902100e-01,9.429745674133300781e-01,1.124484166502952576e-01,9.276171922683715820e-01,3.522813320159912109e-01,-5.251896753907203674e-02,-5.702663064002990723e-01,2.633167803287506104e-01,-5.477432161569595337e-03,8.572016358375549316e-01,1.230417266488075256e-01,-1.941629350185394287e-01,-9.104295372962951660e-01,2.467050105333328247e-01,4.343799315392971039e-03,9.499801993370056152e-01,1.700758039951324463e-01,1.041807085275650024e-01,-8.027125149965286255e-02,9.580945968627929688e-02,4.641629755496978760e-01,-4.711225628852844238e-01,-7.570955902338027954e-03,-2.020818144083023071e-01,1.155160546302795410e+00,-1.326213479042053223e-01,-3.049674034118652344e-01,4.487708210945129395e-02,-9.513301849365234375e-01,2.154471129179000854e-01,2.019526004791259766e+00,1.352676749229431152e+00,3.100560009479522705e-01,-2.622016668319702148e-01,-1.559582799673080444e-01
-1.096248745918273926e+00,1.303625404834747314e-01,9.211845993995666504e-01,1.765837520360946655e-01,8.653202652931213379e-01,4.612973034381866455e-01,8.577466756105422974e-02,-5.769581794738769531e-01,3.518771827220916748e-01,1.735048554837703705e-02,9.723632931709289551e-01,-3.246621042490005493e-02,-2.925164103507995605e-01,-1.218505859375000000e+00,3.684569001197814941e-01,5.897226557135581970e-02,1.172504186630249023e+00,1.900192648172378540e-01,1.013889163732528687e-01,-5.937327072024345398e-02,1.386328786611557007e-01,3.419950604438781738e-01,-4.244940280914306641e-01,-2.151902206242084503e-02,1.293298751115798950e-01,1.022871732711791992e+00,-7.381849735975265503e-02,-3.048199713230133057e-01,1.312726140022277832e-01,-9.682977795600891113e-01,3.326856493949890137e-01,1.784724712371826172e+00,1.449391484260559082e+00,2.330223768949508667e-01,-2.209917306900024414e-01,-2.646134793758392334e-01
-1.153554081916809082e+00,1.321140676736831665e-01,8.845067024230957031e-01,2.695402503013610840e-01,7.473708391189575195e-01,5.819553732872009277e-01,1.736127436161041260e-01,-6.051462888717651367e-01,2.828159332275390625e-01,-3.965635225176811218e-02,1.306122064590454102e+00,-1.611577533185482025e-02,-2.236145138740539551e-01,-1.767993211746215820e+00,2.995862662792205811e-01,-6.948991119861602783e-02,1.855740308761596680e+00,4.967407882213592529e-01,8.544944226741790771e-03,-1.788716390728950500e-02,1.699634641408920288e-01,3.655640482902526855e-01,-3.526917695999145508e-01,-2.573843859136104584e-02,5.855052471160888672e-01,6.711907386779785156e-01,-7.887881994247436523e-02,-3.024818897247314453e-01,2.629177868366241455e-01,-1.185901165008544922e+00,5.095192193984985352e-01,1.673009276390075684e+00,1.444009423255920410e+00,2.185110151767730713e-01,-2.222336381673812866e-01,-3.904604017734527588e-01
-1.211508274078369141e+00,1.293940395116806030e-01,8.307623863220214844e-01,3.794611096382141113e-01,6.229423284530639648e-01,6.472480893135070801e-01,2.209436744451522827e-01,-1.260129213333129883e+00,3.002369403839111328e-01,-1.625940762460231781e-02,1.925483584403991699e+00,4.472384974360466003e-02,-4.914756119251251221e-02,-2.016549110412597656e+00,2.207240015268325806e-01,1.354567855596542358e-01,2.757414340972900391e+00,5.546844750642776489e-02,-2.290592342615127563e-01,-6.259793788194656372e-02,1.410495936870574951e-01,4.646116495132446289e-01,-3.102397620677947998e-01,4.738151654601097107e-02,9.496333003044128418e-01,1.237607672810554504e-01,-7.525892555713653564e-02,-3.403017222881317139e-01,5.576364994049072266e-01,-1.571021914482116699e+00,7.234783172607421875e-01,1.590246438980102539e+00,1.318318963050842285e+00,1.752952188253402710e-01,-2.610343396663665771e-01,-4.069562852382659912e-01
-1.273023962974548340e+00,1.242120712995529175e-01,7.560438513755798340e-01,5.211217403411865234e-01,4.822727739810943604e-01,6.488594412803649902e-01,2.733067274093627930e-01,-1.478261590003967285e+00,3.986095786094665527e-01,2.298938333988189697e-01,2.133855819702148438e+00,-2.643900513648986816e-01,-5.540584679692983627e-03,-1.965043067932128906e+00,3.714948892593383789e-02,4.843954741954803467e-01,2.481125831604003906e+00,-8.744444251060485840e-01,-3.381317555904388428e-01,-1.378183364868164062e-01,6.579528748989105225e-02,5.181655883789062500e-01,-2.253760397434234619e-01,2.295524775981903076e-01,1.042044639587402344e+00,-5.262225270271301270e-01,4.702292010188102722e-02,-4.604869186878204346e-01,9.312862753868103027e-01,-2.117733240127563477e+00,6.456140875816345215e-01,1.316272616386413574e+00,9.892484545707702637e-01,8.007860183715820312e-02,-2.805197238922119141e-01,-2.504586875438690186e-01
-1.350241303443908691e+00,1.293640881776809692e-01,6.752207875251770020e-01,6.619566679000854492e-01,2.960934937000274658e-01,6.173990368843078613e-01,3.048499822616577148e-01,-1.638031721115112305e+00,4.940527081489562988e-01,3.339036107063293457e-01,1.793021798133850098e+00,-3.382907211780548096e-01,-1.894326508045196533e-01,-2.011346817016601562e+00,-1.953680217266082764e-01,5.142366290092468262e-01,1.905341982841491699e+00,-5.939292907714843750e-01,-3.485267758369445801e-01,-8.340886980295181274e-02,5.765444040298461914e-02,5.614822506904602051e-01,-6.480608880519866943e-02,3.642950654029846191e-01,9.038339853286743164e-01,-9.985222220420837402e-01,3.145600259304046631e-01,-5.948981046676635742e-01,1.405852913856506348e+00,-2.484817981719970703e+00,2.450724244117736816e-01,1.114826202392578125e+00,5.481420755386352539e-01,-1.794000901281833649e-02,-2.331401854753494263e-01,3.058345289900898933e-03
-1.457407593727111816e+00,1.343458443880081177e-01,5.571660995483398438e-01,7.886369228363037109e-01,1.641413569450378418e-01,5.128075480461120605e-01,2.970352172851562500e-01,-1.521143913269042969e+00,5.314422845840454102e-01,3.748992085456848145e-01,1.608355760574340820e+00,-3.114089369773864746e-01,-2.429009824991226196e-01,-1.853021383285522461e+00,-3.105370402336120605e-01,3.177733719348907471e-01,1.834353327751159668e+00,-7.507731318473815918e-01,-2.557817995548248291e-01,4.710117354989051819e-03,3.566631674766540527e-02,5.406530499458312988e-01,6.866262108087539673e-02,4.858167767524719238e-01,6.595875620841979980e-01,-1.065557479858398438e+00,5.150525569915771484e-01,-6.516866087913513184e-01,1.545107364654541016e+00,-2.380194425582885742e+00,-2.763134539127349854e-01,1.139722585678100586e+00,1.676242202520370483e-01,-2.299268543720245361e-02,-2.572039961814880371e-01,-3.288590908050537109e-02
-1.575845479965209961e+00,1.446373015642166138e-01,4.725461304187774658e-01,8.554598093032836914e-01,1.202210038900375366e-01,4.034003317356109619e-01,3.015156984329223633e-01,-1.236007571220397949e+00,5.204407572746276855e-01,4.928003251552581787e-01,1.620300650596618652e+00,-6.167070269584655762e-01,-2.711032330989837646e-01,-1.936143994331359863e+00,-3.332864642143249512e-01,2.742140889167785645e-01,2.224041461944580078e+00,-8.691881299018859863e-01,-2.431544661521911621e-01,4.477624967694282532e-02,5.183199048042297363e-02,5.003439188003540039e-01,-5.588138848543167114e-02,6.194332838058471680e-01,3.578177988529205322e-01,-6.199171543121337891e-01,6.679912209510803223e-01,-6.259804964065551758e-01,1.472877264022827148e+00,-2.055265665054321289e+00,-7.591797709465026855e-01,1.139848351478576660e+00,-3.876585885882377625e-02,-8.033978939056396484e-02,-3.436002135276794434e-01,-9.347981214523315430e-02
-1.722411990165710449e+00,1.508767753839492798e-01,3.939649462699890137e-01,8.800774216651916504e-01,1.015053689479827881e-01,3.452344238758087158e-01,3.097261786460876465e-01,-1.316161990165710449e+00,5.704301595687866211e-01,3.526722490787506104e-01,1.996467232704162598e+00,-9.190871119499206543e-01,-2.587623000144958496e-01,-2.148941278457641602e+00,-3.347874879837036133e-01,3.074488341808319092e-01,2.545907735824584961e+00,-8.496421575546264648e-01,-2.772626876831054688e-01,7.790302485227584839e-02,3.422310203313827515e-02,5.076414346694946289e-01,-2.253859639167785645e-01,7.964352965354919434e-01,5.146522074937820435e-02,-5.183755606412887573e-02,8.008397817611694336e-01,-5.567332506179809570e-01,1.429675698280334473e+00,-1.768170118331909180e+00,-1.112201929092407227e+00,1.089784264564514160e+00,-6.549347192049026489e-02,-2.295340001583099365e-01,-3.718072175979614258e-01,-2.080673873424530029e-01
-1.799796700477600098e+00,1.490339785814285278e-01,3.670350313186645508e-01,8.831926584243774414e-01,8.548586815595626831e-02,3.084954619407653809e-01,3.427727520465850830e-01,-1.583540201187133789e+00,5.488932728767395020e-01,2.048855423927307129e-01,2.161021232604980469e+00,-8.102068305015563965e-01,-2.260409742593765259e-01,-2.225735664367675781e+00,-3.854989707469940186e-01,3.213561773300170898e-01,2.611521244049072266e+00,-8.461444973945617676e-01,-2.555680274963378906e-01,5.587062612175941467e-02,1.183001697063446045e-02,5.194248557090759277e-01,-4.752224981784820557e-01,8.574990630149841309e-01,-2.478496283292770386e-01,5.183805227279663086e-01,7.881770730018615723e-01,-4.163240194320678711e-01,1.378442406654357910e+00,-1.455154061317443848e+00,-1.253288984298706055e+00,9.045442938804626465e-01,5.704310163855552673e-02,-3.237467408180236816e-01,-3.339444100856781006e-01,-2.790651619434356689e-01
-1.844398140907287598e+00,1.467007696628570557e-01,3.659599423408508301e-01,8.873293995857238770e-01,5.017882585525512695e-02,3.001099526882171631e-01,3.465399742126464844e-01,-1.719446659088134766e+00,5.280198454856872559e-01,1.691174507141113281e-01,2.175330400466918945e+00,-7.849602103233337402e-01,-2.509657740592956543e-01,-2.297683954238891602e+00,-4.321121871471405029e-01,2.834663689136505127e-01,2.556353092193603516e+00,-7.968192100524902344e-01,-2.591537237167358398e-01,5.283234268426895142e-02,2.400173805654048920e-03,5.233917236328125000e-01,-7.198245525360107422e-01,8.073443174362182617e-01,-5.136930942535400391e-01,9.625580310821533203e-01,7.413176894187927246e-01,-2.806150615215301514e-01,1.052542686462402344e+00,-1.126081228256225586e+00,-1.235763430595397949e+00,6.536992788314819336e-01,1.935281008481979370e-01,-4.787281155586242676e-01,-2.966447472572326660e-01,-3.299984037876129150e-01
-1.880428671836853027e+00,1.440624892711639404e-01,3.813969790935516357e-01,8.930886983871459961e-01,3.871554508805274963e-02,2.874449789524078369e-01,3.437584936618804932e-01,-1.756766200065612793e+00,4.717479646205902100e-01,1.538333892822265625e-01,2.147309541702270508e+00,-7.539939284324645996e-01,-2.333346605300903320e-01,-2.303789615631103516e+00,-4.326690137386322021e-01,2.860137522220611572e-01,2.476180553436279297e+00,-7.138702273368835449e-01,-2.210404872894287109e-01,1.484702154994010925e-02,-6.783447414636611938e-02,5.181127786636352539e-01,-8.348932862281799316e-01,7.687023878097534180e-01,-6.648689508438110352e-01,1.096741199493408203e+00,6.438501477241516113e-01,-2.294662296772003174e-01,8.245949149131774902e-01,-1.016650319099426270e+00,-1.070326685905456543e+00,5.314805507659912109e-01,3.369009494781494141e-01,-5.671650171279907227e-01,-2.601744532585144043e-01,-4.012485742568969727e-01
-1.911954641342163086e+00,1.413603127002716064e-01,4.061005711555480957e-01,9.057784080505371094e-01,1.196069642901420593e-02,2.752644717693328857e-01,3.219617307186126709e-01,-1.728092670440673828e+00,4.488813877105712891e-01,1.366053521633148193e-01,2.077530860900878906e+00,-7.675985693931579590e-01,-2.523235380649566650e-01,-2.257227420806884766e+00,-4.236076474189758301e-01,2.403871119022369385e-01,2.352466583251953125e+00,-6.350603699684143066e-01,-1.914667487144470215e-01,-6.271264515817165375e-03,-1.121259033679962158e-01,5.134968161582946777e-01,-8.863108158111572266e-01,7.763715386390686035e-01,-7.381454706192016602e-01,1.074626088142395020e+00,5.378789305686950684e-01,-2.189011275768280029e-01,6.407408118247985840e-01,-9.971213936805725098e-01,-8.838490843772888184e-01,4.594311416149139404e-01,4.130488038063049316e-01,-5.970337986946105957e-01,-2.476046979427337646e-01,-4.723267555236816406e-01
-1.945164799690246582e+00,1.416835188865661621e-01,4.375315010547637939e-01,9.184257388114929199e-01,-3.322813892737030983e-03,2.595782279968261719e-01,2.983886897563934326e-01,-1.664606928825378418e+00,4.558000862598419189e-01,1.550151109695434570e-01,2.006876230239868164e+00,-7.596322298049926758e-01,-2.242259681224822998e-01,-2.153562307357788086e+00,-4.119404256343841553e-01,1.822082549333572388e-01,2.202846765518188477e+00,-5.662412047386169434e-01,-1.584406942129135132e-01,-2.524269931018352509e-02,-1.574591100215911865e-01,5.136900544166564941e-01,-9.088325500488281250e-01,8.072586655616760254e-01,-7.755458354949951172e-01,9.923481941223144531e-01,4.528895020484924316e-01,-2.082510441541671753e-01,5.265136361122131348e-01,-9.975687861442565918e-01,-7.058714628219604492e-01,4.331319034099578857e-01,4.441178441047668457e-01,-6.152140498161315918e-01,-2.428577244281768799e-01,-5.565583109855651855e-01
-1.980561256408691406e+00,1.459032744169235229e-01,4.721669554710388184e-01,9.309012293815612793e-01,-1.496536284685134888e-02,2.402325868606567383e-01,2.747201323509216309e-01,-1.570244312286376953e+00,4.734506905078887939e-01,1.890264898538589478e-01,1.931908845901489258e+00,-7.563802003860473633e-01,-1.663742512464523315e-01,-2.012864589691162109e+00,-4.121761620044708252e-01,1.017498001456260681e-01,2.035943508148193359e+00,-5.082214474678039551e-01,-1.352140456438064575e-01,-3.510652855038642883e-02,-1.923246383666992188e-01,5.159837007522583008e-01,-9.160606265068054199e-01,8.474912643432617188e-01,-8.027409315109252930e-01,9.281587004661560059e-01,3.810984492301940918e-01,-1.937977373600006104e-01,4.553139805793762207e-01,-9.797182083129882812e-01,-5.460644960403442383e-01,4.429468512535095215e-01,4.588025510311126709e-01,-6.479430794715881348e-01,-2.410559952259063721e-01,-6.371070146560668945e-01
-2.014299392700195312e+00,1.529237776994705200e-01,5.075452327728271484e-01,9.424996972084045410e-01,-2.612208388745784760e-02,2.170715183019638062e-01,2.527536153793334961e-01,-1.463161110877990723e+00,4.939179420471191406e-01,2.317349165678024292e-01,1.848224282264709473e+00,-7.562332749366760254e-01,-8.636328577995300293e-02,-1.853101491928100586e+00,-4.241728484630584717e-01,3.936026245355606079e-03,1.875502347946166992e+00,-4.610988795757293701e-01,-1.349352896213531494e-01,-3.810029849410057068e-02,-2.104278206825256348e-01,5.171130895614624023e-01,-8.923929333686828613e-01,8.798717856407165527e-01,-8.104817271232604980e-01,9.179571866989135742e-01,3.284981846809387207e-01,-1.779471635818481445e-01,4.112313687801361084e-01,-9.377179145812988281e-01,-4.013894498348236084e-01,4.790899753570556641e-01,4.845938980579376221e-01,-6.752061247825622559e-01,-2.411136925220489502e-01,-7.059553265571594238e-01
-2.043443202972412109e+00,1.614318639039993286e-01,5.455121994018554688e-01,9.529969096183776855e-01,-3.068579733371734619e-02,1.895746588706970215e-01,2.342143654823303223e-01,-1.325367093086242676e+00,5.018648505210876465e-01,2.967287898063659668e-01,1.727036237716674805e+00,-7.287599444389343262e-01,-1.549526583403348923e-02,-1.665498137474060059e+00,-4.341249763965606689e-01,-8.891773968935012817e-02,1.718738794326782227e+00,-4.411586225032806396e-01,-1.375926136970520020e-01,-4.677101224660873413e-02,-2.223895788192749023e-01,5.170475840568542480e-01,-8.242998719215393066e-01,8.932666182518005371e-01,-8.186858296394348145e-01,9.644510149955749512e-01,2.981682717800140381e-01,-1.542777270078659058e-01,3.685601949691772461e-01,-8.647945523262023926e-01,-2.745449542999267578e-01,5.341734886169433594e-01,5.470866560935974121e-01,-7.041103243827819824e-01,-2.430130690336227417e-01,-7.666178941726684570e-01
-2.071966886520385742e+00,1.710121035575866699e-01,5.850172042846679688e-01,9.606516361236572266e-01,-2.779266238212585449e-02,1.659538447856903076e-01,2.209117561578750610e-01,-1.184618115425109863e+00,4.749981760978698730e-01,3.686849176883697510e-01,1.568696975708007812e+00,-6.632754802703857422e-01,3.832513839006423950e-02,-1.494542837142944336e+00,-4.290407598018646240e-01,-1.394893527030944824e-01,1.566395044326782227e+00,-4.049971103668212891e-01,-1.342244297266006470e-01,-6.691697984933853149e-02,-2.285575419664382935e-01,5.178224444389343262e-01,-7.288058996200561523e-01,8.902327418327331543e-01,-8.085235953330993652e-01,1.032079696655273438e+00,3.060073554515838623e-01,-1.163231581449508667e-01,3.119625747203826904e-01,-7.924610972404479980e-01,-1.798363029956817627e-01,6.068446040153503418e-01,6.542452573776245117e-01,-7.261967062950134277e-01,-2.528021633625030518e-01,-8.223004937171936035e-01
-2.101988792419433594e+00,1.822958886623382568e-01,6.265150308609008789e-01,9.662896990776062012e-01,-1.927305199205875397e-02,1.460993736982345581e-01,2.110955864191055298e-01,-1.049046039581298828e+00,4.180468022823333740e-01,4.395224153995513916e-01,1.372741937637329102e+00,-5.603567361831665039e-01,8.222382515668869019e-02,-1.330646753311157227e+00,-3.999732732772827148e-01,-1.401097774505615234e-01,1.385186433792114258e+00,-3.401031792163848877e-01,-8.070965856313705444e-02,-8.936014026403427124e-02,-2.280792146921157837e-01,5.157788395881652832e-01,-6.228985190391540527e-01,8.734981417655944824e-01,-7.823193669319152832e-01,1.096713066101074219e+00,3.198010325431823730e-01,-7.497142255306243896e-02,2.487888336181640625e-01,-7.246644496917724609e-01,-1.184774264693260193e-01,6.872208118438720703e-01,7.871713638305664062e-01,-7.403487563133239746e-01,-2.756213843822479248e-01,-8.795431852340698242e-01
-2.133889198303222656e+00,1.967832148075103760e-01,6.682896614074707031e-01,9.707640409469604492e-01,-6.523106712847948074e-03,1.290789246559143066e-01,2.022005915641784668e-01,-9.122467041015625000e-01,3.367320299148559570e-01,4.855568408966064453e-01,1.148475527763366699e+00,-4.226045608520507812e-01,8.990848064422607422e-02,-1.168607115745544434e+00,-3.404713869094848633e-01,-8.249260485172271729e-02,1.176017403602600098e+00,-2.894523739814758301e-01,3.022199124097824097e-02,-1.053423061966896057e-01,-2.254577577114105225e-01,5.086113810539245605e-01,-5.259135961532592773e-01,8.451653718948364258e-01,-7.496253848075866699e-01,1.130778074264526367e+00,3.040567040443420410e-01,-4.657071456313133240e-02,2.071228474378585815e-01,-6.571532487869262695e-01,-9.318641573190689087e-02,7.490726709365844727e-01,9.043624997138977051e-01,-7.470098137855529785e-01,-2.949830591678619385e-01,-9.126164913177490234e-01
-2.163030862808227539e+00,2.121824175119400024e-01,7.060857415199279785e-01,9.750300645828247070e-01,2.300485037267208099e-03,1.160884201526641846e-01,1.895474344491958618e-01,-8.008444905281066895e-01,2.389562726020812988e-01,4.570969045162200928e-01,9.085632562637329102e-01,-2.568346560001373291e-01,3.460220247507095337e-02,-1.031447649002075195e+00,-3.156625628471374512e-01,-4.944375902414321899e-02,1.011972904205322266e+00,-2.878145575523376465e-01,6.685222685337066650e-02,-1.066775619983673096e-01,-2.094878852367401123e-01,4.970789849758148193e-01,-4.406509101390838623e-01,8.147574067115783691e-01,-7.198168039321899414e-01,1.131146430969238281e+00,2.690106332302093506e-01,-4.015240445733070374e-02,1.975522339344024658e-01,-5.878590941429138184e-01,-1.003682091832160950e-01,7.773942351341247559e-01,9.884493947029113770e-01,-7.345245480537414551e-01,-3.022611439228057861e-01,-9.070429205894470215e-01
-2.190182685852050781e+00,2.283353805541992188e-01,7.396599650382995605e-01,9.789658188819885254e-01,9.749444201588630676e-03,1.063632369041442871e-01,1.736351847648620605e-01,-7.005776762962341309e-01,1.219913139939308167e-01,3.329514265060424805e-01,6.595317721366882324e-01,-8.946092426776885986e-02,-1.119201928377151489e-01,-8.972153067588806152e-01,-3.664156794548034668e-01,-1.065385937690734863e-01,8.696798086166381836e-01,-3.223074078559875488e-01,5.475256964564323425e-02,-9.965087473392486572e-02,-1.935980468988418579e-01,4.791270494461059570e-01,-3.613523244857788086e-01,7.891272306442260742e-01,-6.982691884040832520e-01,1.106005072593688965e+00,2.364522963762283325e-01,-4.339513555169105530e-02,2.006938159465789795e-01,-5.194141864776611328e-01,-1.302689015865325928e-01,7.810911536216735840e-01,1.034913301467895508e+00,-6.988500356674194336e-01,-3.004780709743499756e-01,-8.876997828483581543e-01
-2.210224390029907227e+00,2.427046447992324829e-01,7.662655711174011230e-01,9.825131297111511230e-01,1.778712309896945953e-02,9.970495104789733887e-02,1.562354862689971924e-01,-5.902063250541687012e-01,7.215300202369689941e-02,2.609270215034484863e-01,5.493199229240417480e-01,-5.217463150620460510e-02,-1.940878778696060181e-01,-7.578930258750915527e-01,-4.184678792953491211e-01,-1.840779781341552734e-01,7.296434640884399414e-01,-3.456027507781982422e-01,5.451389402151107788e-02,-9.239159524440765381e-02,-1.856949329376220703e-01,4.523358941078186035e-01,-2.843841016292572021e-01,7.712460756301879883e-01,-6.781564354896545410e-01,1.066905140876770020e+00,2.176268100738525391e-01,-4.452422633767127991e-02,2.098913639783859253e-01,-4.487951695919036865e-01,-1.748196929693222046e-01,7.701062560081481934e-01,1.046354770660400391e+00,-6.538540720939636230e-01,-2.959596812725067139e-01,-8.566910624504089355e-01
-2.229779005050659180e+00,2.541947364807128906e-01,7.863911986351013184e-01,9.853665828704833984e-01,2.173374965786933899e-02,9.508031606674194336e-02,1.399879604578018188e-01,-5.087450146675109863e-01,1.300696879625320435e-01,3.049182295799255371e-01,6.500438451766967773e-01,-1.249305903911590576e-01,-1.213666722178459167e-01,-6.241061091423034668e-01,-4.506935477256774902e-01,-2.638984918594360352e-01,6.299828886985778809e-01,-3.698432743549346924e-01,4.621908441185951233e-02,-9.076874703168869019e-02,-1.771635115146636963e-01,4.138335585594177246e-01,-2.023810744285583496e-01,7.605716586112976074e-01,-6.492818593978881836e-01,1.014572501182556152e+00,2.084815949201583862e-01,-4.353503137826919556e-02,2.264128923416137695e-01,-3.849944174289703369e-01,-2.287553995847702026e-01,7.425026893615722656e-01,1.033437013626098633e+00,-5.930202603340148926e-01,-2.883355617523193359e-01,-8.097147345542907715e-01
-2.254164457321166992e+00,2.632339894771575928e-01,8.005501031875610352e-01,9.887057542800903320e-01,8.895250037312507629e-03,8.836989849805831909e-02,1.208102628588676453e-01,-4.289038479328155518e-01,2.855722308158874512e-01,3.875983953475952148e-01,8.181183934211730957e-01,-2.116142958402633667e-01,2.082396671175956726e-02,-5.149863362312316895e-01,-4.179553687572479248e-01,-3.174158632755279541e-01,5.990044474601745605e-01,-3.749310970306396484e-01,1.709239929914474487e-02,-7.834608852863311768e-02,-1.381741911172866821e-01,3.645286262035369873e-01,-1.163345873355865479e-01,7.475880980491638184e-01,-6.056447029113769531e-01,9.637498855590820312e-01,1.982863396406173706e-01,-5.528248474001884460e-02,2.467282265424728394e-01,-3.220867812633514404e-01,-2.926269769668579102e-01,7.072776556015014648e-01,1.010937094688415527e+00,-5.158835053443908691e-01,-2.770508825778961182e-01,-7.360258102416992188e-01
-2.276751995086669922e+00,2.696852684020996094e-01,8.071576952934265137e-01,9.916644692420959473e-01,-4.326645750552415848e-03,7.995110005140304565e-02,1.007851660251617432e-01,-3.161478340625762939e-01,3.830615580081939697e-01,4.110861718654632568e-01,8.702331781387329102e-01,-2.246693223714828491e-01,9.183119237422943115e-02,-4.073812961578369141e-01,-3.386761546134948730e-01,-3.076181709766387939e-01,5.610693693161010742e-01,-3.222150206565856934e-01,6.208998337388038635e-02,-5.813385546207427979e-02,-9.840296208858489990e-02,3.044153749942779541e-01,-3.606109693646430969e-02,7.324361205101013184e-01,-5.634902119636535645e-01,9.255419373512268066e-01,1.686046123504638672e-01,-7.104039192199707031e-02,2.632254064083099365e-01,-2.560713291168212891e-01,-3.552267551422119141e-01,6.851527094841003418e-01,9.892784953117370605e-01,-4.287067651748657227e-01,-2.672463357448577881e-01,-6.335940361022949219e-01
-2.297130107879638672e+00,2.766427993774414062e-01,8.053396940231323242e-01,9.939391613006591797e-01,-1.109169982373714447e-02,7.623720914125442505e-02,7.890842854976654053e-02,-1.872726082801818848e-01,3.927717506885528564e-01,3.926784396171569824e-01,8.064450025558471680e-01,-1.891649663448333740e-01,9.656683355569839478e-02,-3.199146986007690430e-01,-2.597765326499938965e-01,-2.629618048667907715e-01,5.235864520072937012e-01,-2.596815824508666992e-01,1.386962532997131348e-01,-3.798301145434379578e-02,-7.153306901454925537e-02,2.345271408557891846e-01,3.470754995942115784e-02,7.138131856918334961e-01,-5.283207297325134277e-01,8.989317417144775391e-01,1.426740437746047974e-01,-8.224671334028244019e-02,2.721263766288757324e-01,-2.009093761444091797e-01,-4.126696586608886719e-01,6.716728806495666504e-01,9.693111777305603027e-01,-3.468714058399200439e-01,-2.490768879652023315e-01,-5.098103284835815430e-01
-2.321053504943847656e+00,2.854574024677276611e-01,7.941893339157104492e-01,9.951052069664001465e-01,-1.280759368091821671e-02,7.826394587755203247e-02,5.823794379830360413e-02,-6.063722446560859680e-02,3.500355184078216553e-01,3.540204167366027832e-01,6.703801751136779785e-01,-1.448278874158859253e-01,7.113906741142272949e-02,-2.612766027450561523e-01,-2.072517722845077515e-01,-2.388676404953002930e-01,4.822204411029815674e-01,-2.269347310066223145e-01,1.871117949485778809e-01,-2.603790909051895142e-02,-5.524396151304244995e-02,1.688891053199768066e-01,8.241937309503555298e-02,6.957107186317443848e-01,-5.101805925369262695e-01,8.838041424751281738e-01,1.251746416091918945e-01,-8.722657710313796997e-02,2.724919617176055908e-01,-1.740828305482864380e-01,-4.534169435501098633e-01,6.567422747611999512e-01,9.622124433517456055e-01,-2.958054244518280029e-01,-2.304535359144210815e-01,-4.026182293891906738e-01
-2.348667621612548828e+00,2.946056127548217773e-01,7.767354249954223633e-01,9.957183599472045898e-01,-1.654269173741340637e-02,8.308891206979751587e-02,3.883203491568565369e-02,6.099210679531097412e-02,2.803792357444763184e-01,2.700754404067993164e-01,4.633201360702514648e-01,-1.480358988046646118e-01,-3.768606483936309814e-02,-2.523396909236907959e-01,-1.868128180503845215e-01,-2.522125244140625000e-01,4.642942845821380615e-01,-2.978449761867523193e-01,1.491409391164779663e-01,-2.021765522658824921e-02,-3.557018935680389404e-02,1.216609627008438110e-01,1.044387295842170715e-01,6.835804581642150879e-01,-5.043984055519104004e-01,8.787178397178649902e-01,1.159358173608779907e-01,-9.086958318948745728e-02,2.724369466304779053e-01,-1.826468408107757568e-01,-4.737648069858551025e-01,6.379545331001281738e-01,9.712750315666198730e-01,-2.635310292243957520e-01,-2.080929130315780640e-01,-3.340522050857543945e-01
-2.379026174545288086e+00,3.052401542663574219e-01,7.573057413101196289e-01,9.959635138511657715e-01,-1.259355805814266205e-02,8.487629145383834839e-02,2.643574774265289307e-02,1.701502650976181030e-01,2.139111310243606567e-01,2.317024469375610352e-01,2.300257831811904907e-01,-2.187626957893371582e-01,-1.469223350286483765e-01,-3.258961737155914307e-01,-2.041613012552261353e-01,-2.094931304454803467e-01,5.395036935806274414e-01,-4.012323915958404541e-01,1.395869553089141846e-01,-2.558196336030960083e-02,-2.989192865788936615e-02,1.076218411326408386e-01,1.065205186605453491e-01,6.666594147682189941e-01,-4.874061942100524902e-01,8.710210919380187988e-01,1.002723947167396545e-01,-8.244304358959197998e-02,2.825935482978820801e-01,-2.204197794198989868e-01,-4.817065298557281494e-01,6.130234599113464355e-01,9.766421318054199219e-01,-2.591420114040374756e-01,-1.786292642354965210e-01,-3.091029822826385498e-01
-2.406177282333374023e+00,3.139975666999816895e-01,7.454670667648315430e-01,9.969435930252075195e-01,-1.582213118672370911e-02,7.551767677068710327e-02,1.464360300451517105e-02,2.139886319637298584e-01,1.995656490325927734e-01,2.539958059787750244e-01,1.657458841800689697e-01,-3.317583799362182617e-01,-1.722698658704757690e-01,-4.030591547489166260e-01,-2.070769369602203369e-01,-1.670675873756408691e-01,6.427583694458007812e-01,-4.148912727832794189e-01,1.265146732330322266e-01,-3.315309435129165649e-02,-9.292655624449253082e-03,1.330868601799011230e-01,8.339234441518783569e-02,6.298831105232238770e-01,-4.871939122676849365e-01,8.855032920837402344e-01,7.091341167688369751e-02,-5.926341190934181213e-02,2.846375405788421631e-01,-2.730196416378021240e-01,-4.825932383537292480e-01,6.004053950309753418e-01,9.812595844268798828e-01,-2.504103779792785645e-01,-1.499236077070236206e-01,-2.978316843509674072e-01
-2.434226036071777344e+00,3.237960934638977051e-01,7.406452298164367676e-01,9.974332451820373535e-01,-2.114956080913543701e-02,6.770919263362884521e-02,1.022674981504678726e-02,2.222288101911544800e-01,1.969654411077499390e-01,2.799788117408752441e-01,1.408326625823974609e-01,-4.068928956985473633e-01,-1.739713400602340698e-01,-4.397056102752685547e-01,-2.040382176637649536e-01,-1.497480869293212891e-01,6.704446673393249512e-01,-3.829578757286071777e-01,1.239631846547126770e-01,-4.850698262453079224e-02,1.261961832642555237e-02,1.617384552955627441e-01,3.822765126824378967e-02,5.783271193504333496e-01,-5.180481672286987305e-01,9.206607341766357422e-01,7.096457481384277344e-02,-2.140534855425357819e-02,2.539649307727813721e-01,-3.044038712978363037e-01,-4.657323658466339111e-01,5.603246688842773438e-01,9.845510721206665039e-01,-2.529305219650268555e-01,-1.077565476298332214e-01,-2.971479892730712891e-01
-2.457396745681762695e+00,3.309174478054046631e-01,7.444089651107788086e-01,9.976167678833007812e-01,-2.518361434340476990e-02,6.301639229059219360e-02,9.620706550776958466e-03,2.021055519580841064e-01,1.957279294729232788e-01,2.857985198497772217e-01,1.463714987039566040e-01,-4.168075323104858398e-01,-1.650020480155944824e-01,-4.329035580158233643e-01,-1.993011683225631714e-01,-1.513924747705459595e-01,6.106898188591003418e-01,-3.185863792896270752e-01,1.229631528258323669e-01,-5.947666242718696594e-02,2.722280286252498627e-02,1.791947782039642334e-01,-1.625105552375316620e-02,5.227736830711364746e-01,-5.793155431747436523e-01,9.513987302780151367e-01,1.163503155112266541e-01,1.418801303952932358e-02,2.003596127033233643e-01,-3.066040873527526855e-01,-4.278419613838195801e-01,4.921910762786865234e-01,9.755734205245971680e-01,-2.596223652362823486e-01,-6.895498186349868774e-02,-3.024677038192749023e-01
-2.475125551223754883e+00,3.358975052833557129e-01,7.523747086524963379e-01,9.977391362190246582e-01,-3.019675053656101227e-02,5.981235206127166748e-02,7.510954048484563828e-03,1.786975562572479248e-01,1.988355219364166260e-01,2.909167110919952393e-01,1.543781757354736328e-01,-4.058276414871215820e-01,-1.498439162969589233e-01,-3.938970267772674561e-01,-1.797952502965927124e-01,-1.544201821088790894e-01,4.830436110496520996e-01,-2.377608120441436768e-01,1.313807368278503418e-01,-5.870113521814346313e-02,3.958621248602867126e-02,1.828065216541290283e-01,-6.674492359161376953e-02,4.681906998157501221e-01,-6.540162563323974609e-01,9.633846879005432129e-01,1.599343866109848022e-01,3.141187131404876709e-02,1.524307727813720703e-01,-2.853405177593231201e-01,-3.858399093151092529e-01,4.412905573844909668e-01,9.491156935691833496e-01,-2.504099607467651367e-01,-5.966617166996002197e-02,-2.973829507827758789e-01
-2.488830089569091797e+00,3.418641388416290283e-01,7.594455480575561523e-01,9.976779818534851074e-01,-3.260745480656623840e-02,5.984660610556602478e-02,2.712110057473182678e-03,1.582533717155456543e-01,1.946235895156860352e-01,3.005778789520263672e-01,1.490670889616012573e-01,-3.872001469135284424e-01,-1.421794742345809937e-01,-3.513406217098236084e-01,-1.622326970100402832e-01,-1.548819690942764282e-01,3.277830183506011963e-01,-1.434735208749771118e-01,1.555463373661041260e-01,-4.992806538939476013e-02,4.256792366504669189e-02,1.749507635831832886e-01,-1.084191724658012390e-01,4.193114340305328369e-01,-7.164908647537231445e-01,9.637143015861511230e-01,1.796474158763885498e-01,2.428486384451389313e-02,1.236083656549453735e-01,-2.573696970939636230e-01,-3.519621491432189941e-01,4.338068962097167969e-01,9.126145839691162109e-01,-2.471950948238372803e-01,-7.483711838722229004e-02,-2.675479948520660400e-01
-2.505750417709350586e+00,3.481491804122924805e-01,7.631519436836242676e-01,9.978002905845642090e-01,-3.019489906728267670e-02,5.860058218240737915e-02,-3.009740961715579033e-03,1.481667757034301758e-01,1.792139708995819092e-01,3.089011609554290771e-01,1.314105987548828125e-01,-3.679389059543609619e-01,-1.377031505107879639e-01,-3.217729628086090088e-01,-1.590557545423507690e-01,-1.522141247987747192e-01,2.085160166025161743e-01,-6.066958606243133545e-02,1.851095259189605713e-01,-4.072235524654388428e-02,3.114229626953601837e-02,1.704411059617996216e-01,-1.452643275260925293e-01,3.873367011547088623e-01,-7.590621113777160645e-01,9.566043615341186523e-01,1.807639300823211670e-01,1.931554172188043594e-03,1.156310886144638062e-01,-2.341928780078887939e-01,-3.270239830017089844e-01,4.636132121086120605e-01,8.727495074272155762e-01,-2.594476938247680664e-01,-9.707001596689224243e-02,-2.271339297294616699e-01
-2.521442413330078125e+00,3.530087769031524658e-01,7.642087936401367188e-01,9.981672763824462891e-01,-2.352639287710189819e-02,5.504778772592544556e-02,-7.316647097468376160e-03,1.398178339004516602e-01,1.573096513748168945e-01,3.104164600372314453e-01,1.231636330485343933e-01,-3.549275398254394531e-01,-1.320016533136367798e-01,-3.167532682418823242e-01,-1.712178587913513184e-01,-1.402322351932525635e-01,1.575005948543548584e-01,-8.542573079466819763e-03,2.105502337217330933e-01,-3.579749539494514465e-02,7.933827117085456848e-03,1.730239093303680420e-01,-1.757396459579467773e-01,3.721081614494323730e-01,-7.964998483657836914e-01,9.565762281417846680e-01,1.779556870460510254e-01,-1.531706564128398895e-02,1.240159124135971069e-01,-2.224274277687072754e-01,-3.048475980758666992e-01,5.124795436859130859e-01,8.367890715599060059e-01,-2.836241722106933594e-01,-1.052018478512763977e-01,-1.969624459743499756e-01
-2.537502288818359375e+00,3.570759296417236328e-01,7.649093270301818848e-01,9.986563324928283691e-01,-1.470634527504444122e-02,4.852711781859397888e-02,-8.206904865801334381e-03,1.340047121047973633e-01,1.334372311830520630e-01,3.099912405014038086e-01,1.258982867002487183e-01,-3.451932370662689209e-01,-1.213215515017509460e-01,-3.199141025543212891e-01,-1.934985071420669556e-01,-1.259768158197402954e-01,1.506338417530059814e-01,1.044726371765136719e-02,2.393734008073806763e-01,-3.533304110169410706e-02,-2.005963958799839020e-02,1.832415312528610229e-01,-1.977275460958480835e-01,3.691538870334625244e-01,-8.396462798118591309e-01,9.716330766677856445e-01,1.828706711530685425e-01,-1.655060984194278717e-02,1.322294920682907104e-01,-2.169145196676254272e-01,-2.777988910675048828e-01,5.502691864967346191e-01,8.084437847137451172e-01,-2.973926365375518799e-01,-1.017692759633064270e-01,-1.866146475076675415e-01
-2.552613258361816406e+00,3.607080876827239990e-01,7.670500874519348145e-01,9.990229606628417969e-01,-8.950395509600639343e-03,4.308714345097541809e-02,-4.944864194840192795e-03,1.272780150175094604e-01,1.172476559877395630e-01,3.097224235534667969e-01,1.264058500528335571e-01,-3.231197595596313477e-01,-1.113187447190284729e-01,-3.368573486804962158e-01,-2.202195227146148682e-01,-1.145932227373123169e-01,1.970161348581314087e-01,-1.987751014530658722e-02,2.290632724761962891e-01,-4.018884152173995972e-02,-3.702630847692489624e-02,1.911326348781585693e-01,-2.172445207834243774e-01,3.665556609630584717e-01,-8.817139267921447754e-01,1.003228306770324707e+00,1.858195662498474121e-01,-6.345097441226243973e-03,1.242585629224777222e-01,-2.171797901391983032e-01,-2.482809126377105713e-01,5.624419450759887695e-01,7.918984293937683105e-01,-2.985202372074127197e-01,-9.830007702112197876e-02,-1.898884177207946777e-01
-2.565571784973144531e+00,3.631349503993988037e-01,7.694591879844665527e-01,9.992062449455261230e-01,-1.103323232382535934e-02,3.826890140771865845e-02,-8.097161771729588509e-04,1.181317344307899475e-01,1.186102181673049927e-01,2.983576357364654541e-01,1.306726783514022827e-01,-3.095729649066925049e-01,-1.060622408986091614e-01,-3.566497564315795898e-01,-2.351977527141571045e-01,-1.096778661012649536e-01,3.027330636978149414e-01,-9.104607254266738892e-02,1.836108714342117310e-01,-4.810358583927154541e-02,-3.286346793174743652e-02,1.964882314205169678e-01,-2.273021787405014038e-01,3.604323565959930420e-01,-9.115173816680908203e-01,1.046735048294067383e+00,1.932870000600814819e-01,8.490625768899917603e-03,1.139926165342330933e-01,-2.172531336545944214e-01,-2.215494662523269653e-01,5.672492980957031250e-01,7.950831651687622070e-01,-2.910488247871398926e-01,-9.612155705690383911e-02,-2.018224596977233887e-01
-2.574922800064086914e+00,3.637169003486633301e-01,7.713462114334106445e-01,9.993894696235656738e-01,-1.185950543731451035e-02,3.180347383022308350e-02,3.522162325680255890e-03,1.184998601675033569e-01,1.174577027559280396e-01,2.878243923187255859e-01,1.292694360017776489e-01,-2.959990501403808594e-01,-1.016740426421165466e-01,-3.600193262100219727e-01,-2.454188168048858643e-01,-8.529364317655563354e-02,4.260300695896148682e-01,-1.567728072404861450e-01,1.578077822923660278e-01,-5.423302203416824341e-02,-3.117589466273784637e-02,1.998960822820663452e-01,-2.257936894893646240e-01,3.527982234954833984e-01,-9.311770200729370117e-01,1.091541767120361328e+00,1.909989714622497559e-01,2.006334811449050903e-02,1.061514467000961304e-01,-2.156246900558471680e-01,-1.995304375886917114e-01,5.767608284950256348e-01,8.097212910652160645e-01,-2.909134328365325928e-01,-9.815058112144470215e-02,-2.127071917057037354e-01
-2.581110715866088867e+00,3.625723719596862793e-01,7.731996178627014160e-01,9.995726346969604492e-01,-1.145280059427022934e-02,2.493588812649250031e-02,9.017983451485633850e-03,1.217165440320968628e-01,1.150249093770980835e-01,2.762692570686340332e-01,1.252810060977935791e-01,-2.811590731143951416e-01,-1.006776392459869385e-01,-3.507989645004272461e-01,-2.445141375064849854e-01,-3.798078373074531555e-02,5.488784313201904297e-01,-2.019324898719787598e-01,1.459644585847854614e-01,-6.059759482741355896e-02,-3.314456716179847717e-02,1.999353021383285522e-01,-2.148925364017486572e-01,3.487829566001892090e-01,-9.422733783721923828e-01,1.127734780311584473e+00,1.781242340803146362e-01,2.498686872422695160e-02,1.016970798373222351e-01,-2.128465324640274048e-01,-1.852366775274276733e-01,5.919973850250244141e-01,8.278951644897460938e-01,-2.997744679450988770e-01,-1.040452942252159119e-01,-2.170943915843963623e-01
-2.586710453033447266e+00,3.605574071407318115e-01,7.749545574188232422e-01,9.996947646141052246e-01,-1.234431378543376923e-02,1.968221552670001984e-02,1.442777458578348160e-02,1.210352778434753418e-01,1.183069273829460144e-01,2.638085186481475830e-01,1.245447546243667603e-01,-2.696995735168457031e-01,-1.042025089263916016e-01,-3.285484910011291504e-01,-2.267036437988281250e-01,8.775273337960243225e-03,6.395728588104248047e-01,-2.201956957578659058e-01,1.404408663511276245e-01,-6.612620502710342407e-02,-3.282775729894638062e-02,1.945620924234390259e-01,-1.960494369268417358e-01,3.507546484470367432e-01,-9.401087760925292969e-01,1.151361942291259766e+00,1.544061303138732910e-01,2.393625117838382721e-02,9.961079806089401245e-02,-2.059798389673233032e-01,-1.797344833612442017e-01,6.085193157196044922e-01,8.483265042304992676e-01,-3.025203347206115723e-01,-1.116545647382736206e-01,-2.157403379678726196e-01
-2.591359615325927734e+00,3.576204776763916016e-01,7.758585810661315918e-01,9.996337294578552246e-01,-1.236796379089355469e-02,1.614971458911895752e-02,1.857675053179264069e-02,1.180157810449600220e-01,1.218752339482307434e-01,2.533111274242401123e-01,1.256265491247177124e-01,-2.645312845706939697e-01,-1.102607622742652893e-01,-2.919755578041076660e-01,-1.995877921581268311e-01,4.875233396887779236e-02,6.806880235671997070e-01,-2.185543030500411987e-01,1.505838483572006226e-01,-6.710141897201538086e-02,-3.385807573795318604e-02,1.848365664482116699e-01,-1.723122596740722656e-01,3.584858179092407227e-01,-9.280179738998413086e-01,1.160689234733581543e+00,1.218573004007339478e-01,1.868107542395591736e-02,1.011452078819274902e-01,-1.938845366239547729e-01,-1.827721893787384033e-01,6.192499995231628418e-01,8.703371882438659668e-01,-2.884131669998168945e-01,-1.172503978013992310e-01,-2.134690135717391968e-01
-2.594684362411499023e+00,3.539179265499114990e-01,7.752684950828552246e-01,9.996337294578552246e-01,-8.004259318113327026e-03,1.495146006345748901e-02,2.205702848732471466e-02,1.143591552972793579e-01,1.174471080303192139e-01,2.484779506921768188e-01,1.252355277538299561e-01,-2.617185711860656738e-01,-1.163194999098777771e-01,-2.397924214601516724e-01,-1.859000921249389648e-01,6.874985247850418091e-02,6.658053994178771973e-01,-2.165380418300628662e-01,1.734535694122314453e-01,-6.223937869071960449e-02,-4.399337992072105408e-02,1.705943942070007324e-01,-1.495529711246490479e-01,3.723761141300201416e-01,-9.187276959419250488e-01,1.158469676971435547e+00,8.900471031665802002e-02,1.181855704635381699e-02,1.032398939132690430e-01,-1.782367527484893799e-01,-1.888215839862823486e-01,6.223496794700622559e-01,8.963261842727661133e-01,-2.635294497013092041e-01,-1.198575794696807861e-01,-2.098089158535003662e-01
-2.597698450088500977e+00,3.493427634239196777e-01,7.737166285514831543e-01,9.995726346969604492e-01,-1.145614078268408775e-03,1.715821214020252228e-02,2.447792887687683105e-02,1.072084754705429077e-01,1.086225211620330811e-01,2.475352585315704346e-01,1.220140308141708374e-01,-2.569045126438140869e-01,-1.227693632245063782e-01,-1.758146286010742188e-01,-2.016891986131668091e-01,3.444351628422737122e-02,5.807449817657470703e-01,-2.458750903606414795e-01,1.832651942968368530e-01,-5.161992087960243225e-02,-6.027468293905258179e-02,1.516119688749313354e-01,-1.325711607933044434e-01,3.935281336307525635e-01,-9.218189120292663574e-01,1.153858304023742676e+00,6.717014312744140625e-02,6.812949664890766144e-03,1.011071726679801941e-01,-1.605877280235290527e-01,-1.925508528947830200e-01,6.222603321075439453e-01,9.352430701255798340e-01,-2.265755385160446167e-01,-1.187158972024917603e-01,-2.053990960121154785e-01
-2.599520921707153320e+00,3.440814614295959473e-01,7.719549536705017090e-01,9.994505047798156738e-01,3.773855743929743767e-03,2.037405036389827728e-02,2.496183663606643677e-02,9.770000725984573364e-02,1.059901565313339233e-01,2.465973794460296631e-01,1.218812614679336548e-01,-2.542569935321807861e-01,-1.301227062940597534e-01,-1.132680475711822510e-01,-2.197594493627548218e-01,-2.496773190796375275e-02,4.561087489128112793e-01,-2.847860455513000488e-01,1.808829605579376221e-01,-3.678531572222709656e-02,-7.433201372623443604e-02,1.351001411676406860e-01,-1.192353814840316772e-01,4.157071411609649658e-01,-9.295077323913574219e-01,1.155658125877380371e+00,5.436990037560462952e-02,8.274685591459274292e-03,9.528370201587677002e-02,-1.454174220561981201e-01,-1.927273422479629517e-01,6.242408752441406250e-01,9.803683757781982422e-01,-1.811340898275375366e-01,-1.115895286202430725e-01,-1.950731277465820312e-01
-2.600915431976318359e+00,3.390586674213409424e-01,7.721514701843261719e-01,9.993894696235656738e-01,3.003046615049242973e-03,2.457402460277080536e-02,2.232961170375347137e-02,8.599186688661575317e-02,1.173829510807991028e-01,2.495279461145401001e-01,1.219851076602935791e-01,-2.503209710121154785e-01,-1.380362957715988159e-01,-6.736708432435989380e-02,-2.081460207700729370e-01,-4.584085941314697266e-02,3.399575352668762207e-01,-2.822460830211639404e-01,1.739498078823089600e-01,-2.127788402140140533e-02,-7.533326745033264160e-02,1.198149770498275757e-01,-1.065248697996139526e-01,4.265833795070648193e-01,-9.139688014984130859e-01,1.173634886741638184e+00,3.833869844675064087e-02,1.673124730587005615e-02,1.014601960778236389e-01,-1.307110935449600220e-01,-1.916433423757553101e-01,6.323392391204833984e-01,1.029367208480834961e+00,-1.431126147508621216e-01,-1.084425821900367737e-01,-1.762626469135284424e-01
-2.603006362915039062e+00,3.347627520561218262e-01,7.742723226547241211e-01,9.993894696235656738e-01,-2.638520440086722374e-03,3.010871447622776031e-02,1.732930541038513184e-02,7.449118793010711670e-02,1.393774002790451050e-01,2.583025693893432617e-01,1.197678521275520325e-01,-2.400694638490676880e-01,-1.483052670955657959e-01,-4.762455448508262634e-02,-1.807120740413665771e-01,-4.462304338812828064e-02,2.572591602802276611e-01,-2.460121214389801025e-01,1.641007512807846069e-01,-1.108792051672935486e-02,-6.115936487913131714e-02,1.037747114896774292e-01,-9.081175178289413452e-02,4.188545048236846924e-01,-8.531637787818908691e-01,1.197081446647644043e+00,2.390524372458457947e-02,3.370938077569007874e-02,1.222164556384086609e-01,-1.238889545202255249e-01,-1.921823173761367798e-01,6.422873139381408691e-01,1.079096794128417969e+00,-1.215352118015289307e-01,-1.022035107016563416e-01,-1.528750807046890259e-01
-2.604571580886840820e+00,3.302929401397705078e-01,7.758194208145141602e-01,9.993283748626708984e-01,-5.284998100250959396e-03,3.293532878160476685e-02,1.545608974993228912e-02,6.816752254962921143e-02,1.525505632162094116e-01,2.564509809017181396e-01,1.176936626434326172e-01,-2.321868240833282471e-01,-1.573891937732696533e-01,-2.837432734668254852e-02,-1.639330089092254639e-01,-4.951511323451995850e-02,1.950830519199371338e-01,-2.182201892137527466e-01,1.619916111230850220e-01,-8.965352550148963928e-03,-5.106805264949798584e-02,9.235258400440216064e-02,-7.007440924644470215e-02,3.994837403297424316e-01,-7.868481874465942383e-01,1.207179784774780273e+00,-3.167110495269298553e-03,4.370087012648582458e-02,1.472670733928680420e-01,-1.168724894523620605e-01,-1.937721520662307739e-01,6.438200473785400391e-01,1.119466066360473633e+00,-1.101727262139320374e-01,-8.831830322742462158e-02,-1.325674057006835938e-01
-2.606482505798339844e+00,3.260264992713928223e-01,7.766007781028747559e-01,9.992672801017761230e-01,-7.234151940792798996e-03,3.350233286619186401e-02,1.719399541616439819e-02,6.118158996105194092e-02,1.639590561389923096e-01,2.475273758172988892e-01,1.197425574064254761e-01,-2.264273613691329956e-01,-1.664758771657943726e-01,-1.095698773860931396e-02,-1.517464220523834229e-01,-6.123308092355728149e-02,1.523480564355850220e-01,-2.032056450843811035e-01,1.571191996335983276e-01,-1.345409266650676727e-02,-4.250993207097053528e-02,8.554798364639282227e-02,-5.567952990531921387e-02,3.831672668457031250e-01,-7.619336247444152832e-01,1.195453047752380371e+00,-1.516350824385881424e-02,3.578192740678787231e-02,1.555168032646179199e-01,-1.049964725971221924e-01,-2.002860009670257568e-01,6.311205625534057617e-01,1.142203092575073242e+00,-1.001314148306846619e-01,-7.827527076005935669e-02,-1.198196038603782654e-01
-2.608859777450561523e+00,3.221859931945800781e-01,7.771329283714294434e-01,9.992062449455261230e-01,-7.561009377241134644e-03,3.309206292033195496e-02,2.072262577712535858e-02,5.321189388632774353e-02,1.706064045429229736e-01,2.355986088514328003e-01,1.242412626743316650e-01,-2.203742712736129761e-01,-1.713875830173492432e-01,-3.043787553906440735e-03,-1.454419642686843872e-01,-7.285778224468231201e-02,1.360271424055099487e-01,-1.992941945791244507e-01,1.515869796276092529e-01,-2.149148471653461456e-02,-3.644783794879913330e-02,8.261990547180175781e-02,-4.781739041209220886e-02,3.703741133213043213e-01,-7.745070457458496094e-01,1.172986745834350586e+00,-8.253175765275955200e-03,2.009040862321853638e-02,1.537974178791046143e-01,-9.121359139680862427e-02,-2.136180847883224487e-01,6.133370399475097656e-01,1.149142980575561523e+00,-8.215239644050598145e-02,-7.433480024337768555e-02,-1.137472689151763916e-01
-2.612334966659545898e+00,3.196657598018646240e-01,7.774162888526916504e-01,9.991451501846313477e-01,-7.307577412575483322e-03,3.210141509771347046e-02,2.395388670265674591e-02,4.336782544851303101e-02,1.748756468296051025e-01,2.237344980239868164e-01,1.339776366949081421e-01,-2.160645425319671631e-01,-1.742886006832122803e-01,-3.620017378125339746e-04,-1.424708366394042969e-01,-8.332688361406326294e-02,1.312192976474761963e-01,-1.989050209522247314e-01,1.464480608701705933e-01,-2.838676795363426208e-02,-3.023318573832511902e-02,8.356093615293502808e-02,-4.696553200483322144e-02,3.592553734779357910e-01,-8.084597587585449219e-01,1.149975299835205078e+00,7.282040081918239594e-03,6.295014172792434692e-03,1.459130793809890747e-01,-7.927066087722778320e-02,-2.318430542945861816e-01,5.990096330642700195e-01,1.150603532791137695e+00,-6.065217778086662292e-02,-7.335293292999267578e-02,-1.108828708529472351e-01
-2.615821123123168945e+00,3.168482184410095215e-01,7.777484655380249023e-01,9.991451501846313477e-01,-7.532837335020303726e-03,3.071167878806591034e-02,2.640501782298088074e-02,2.761998027563095093e-02,1.805769354104995728e-01,2.113676220178604126e-01,1.590080559253692627e-01,-2.180217057466506958e-01,-1.777069121599197388e-01,7.829692913219332695e-04,-1.396326124668121338e-01,-9.184174984693527222e-02,1.298372298479080200e-01,-1.976029872894287109e-01,1.421627700328826904e-01,-3.400931879878044128e-02,-2.103465236723423004e-02,8.755804598331451416e-02,-5.088334903120994568e-02,3.460571169853210449e-01,-8.454220294952392578e-01,1.131163001060485840e+00,2.116167359054088593e-02,-2.129692729795351624e-04,1.398874670267105103e-01,-7.250140607357025146e-02,-2.530111372470855713e-01,5.920755267143249512e-01,1.154733538627624512e+00,-4.629682004451751709e-02,-7.102500647306442261e-02,-1.065168827772140503e-01
-2.618523836135864258e+00,3.150595426559448242e-01,7.785969972610473633e-01,9.990840554237365723e-01,-7.569570560008287430e-03,2.914809621870517731e-02,2.843027561902999878e-02,3.960551694035530090e-03,1.865961700677871704e-01,1.982396841049194336e-01,1.999189257621765137e-01,-2.203552275896072388e-01,-1.854987740516662598e-01,2.475938294082880020e-03,-1.381132900714874268e-01,-9.748507291078567505e-02,1.273600757122039795e-01,-1.934239864349365234e-01,1.368814557790756226e-01,-3.873264789581298828e-02,-1.055112853646278381e-02,9.231742471456527710e-02,-6.107141822576522827e-02,3.297630250453948975e-01,-8.795530200004577637e-01,1.119217395782470703e+00,3.792946040630340576e-02,-1.117573468945920467e-03,1.416542828083038330e-01,-7.254530489444732666e-02,-2.765049636363983154e-01,5.947270989418029785e-01,1.162154436111450195e+00,-4.046503081917762756e-02,-6.735043227672576904e-02,-9.814735502004623413e-02
-2.621472120285034180e+00,3.139897584915161133e-01,7.796570062637329102e-01,9.991451501846313477e-01,-6.227094680070877075e-03,2.776421234011650085e-02,2.966555766761302948e-02,-1.525285933166742325e-02,1.835811585187911987e-01,1.742793023586273193e-01,2.377682030200958252e-01,-2.216611802577972412e-01,-1.860134005546569824e-01,2.183026401326060295e-03,-1.406207829713821411e-01,-9.977656602859497070e-02,1.271195411682128906e-01,-1.911778748035430908e-01,1.341805607080459595e-01,-4.298131167888641357e-02,-2.840915229171514511e-03,9.670384228229522705e-02,-7.226290553808212280e-02,3.147414922714233398e-01,-9.030816555023193359e-01,1.106989979743957520e+00,4.886999353766441345e-02,-1.457289676181972027e-03,1.433887779712677002e-01,-7.087572664022445679e-02,-2.969536483287811279e-01,5.934190154075622559e-01,1.171916842460632324e+00,-4.347966983914375305e-02,-5.967993661761283875e-02,-9.219679236412048340e-02
-2.624808549880981445e+00,3.141237497329711914e-01,7.804991602897644043e-01,9.991451501846313477e-01,-5.138975568115711212e-03,2.696244046092033386e-02,3.083385340869426727e-02,-2.653160318732261658e-02,1.776052415370941162e-01,1.459290683269500732e-01,2.560517191886901855e-01,-2.213523238897323608e-01,-1.882656514644622803e-01,8.784421370364725590e-04,-1.435648202896118164e-01,-1.023937538266181946e-01,1.279238462448120117e-01,-1.890167593955993652e-01,1.332089453935623169e-01,-4.790116474032402039e-02,4.897742997854948044e-03,9.871421754360198975e-02,-8.204193413257598877e-02,3.028888404369354248e-01,-9.206371307373046875e-01,1.092898488044738770e+00,5.813766270875930786e-02,-5.139146000146865845e-03,1.454106718301773071e-01,-6.777694076299667358e-02,-3.157521486282348633e-01,5.873448252677917480e-01,1.177137255668640137e+00,-4.992847144603729248e-02,-5.345171689987182617e-02,-8.622743934392929077e-02
-2.628380775451660156e+00,3.148390650749206543e-01,7.809366583824157715e-01,9.991451501846313477e-01,-4.656003322452306747e-03,2.663409709930419922e-02,3.168907761573791504e-02,-2.731919102370738983e-02,1.718146950006484985e-01,1.265212148427963257e-01,2.500936090946197510e-01,-2.188139557838439941e-01,-1.854598075151443481e-01,-1.627048128284513950e-03,-1.462557762861251831e-01,-1.044461876153945923e-01,1.304139047861099243e-01,-1.867291480302810669e-01,1.334798187017440796e-01,-5.318000167608261108e-02,1.227187830954790115e-02,9.745980054140090942e-02,-9.042122960090637207e-02,2.968208789825439453e-01,-9.375423192977905273e-01,1.076893568038940430e+00,6.672956794500350952e-02,-1.097637135535478592e-02,1.458990722894668579e-01,-6.186369806528091431e-02,-3.327036201953887939e-01,5.765556693077087402e-01,1.174567461013793945e+00,-5.638285353779792786e-02,-5.206172540783882141e-02,-8.243603259325027466e-02
-2.631972074508666992e+00,3.171871602535247803e-01,7.807340025901794434e-01,9.991451501846313477e-01,-4.498512484133243561e-03,2.627520821988582611e-02,3.233049437403678894e-02,-1.454299129545688629e-02,1.666736453771591187e-01,1.254813820123672485e-01,2.197926342487335205e-01,-2.142966389656066895e-01,-1.801980733871459961e-01,-4.857084713876247406e-03,-1.492246985435485840e-01,-1.055220440030097961e-01,1.348443329334259033e-01,-1.842596828937530518e-01,1.346734911203384399e-01,-5.962961539626121521e-02,1.822741515934467316e-02,9.434268623590469360e-02,-9.527271240949630737e-02,2.946541607379913330e-01,-9.539446234703063965e-01,1.061968326568603516e+00,7.125589251518249512e-02,-1.594943739473819733e-02,1.436651200056076050e-01,-5.071162059903144836e-02,-3.464808762073516846e-01,5.583118796348571777e-01,1.166307926177978516e+00,-5.793393775820732117e-02,-5.150081217288970947e-02,-8.355167508125305176e-02
-2.634731531143188477e+00,3.192790448665618896e-01,7.806622982025146484e-01,9.991451501846313477e-01,-3.985951188951730728e-03,2.638211101293563843e-02,3.269701823592185974e-02,-3.692847094498574734e-04,1.596793383359909058e-01,1.301670819520950317e-01,1.843311637639999390e-01,-2.026066780090332031e-01,-1.785689443349838257e-01,-9.891319088637828827e-03,-1.538529992103576660e-01,-1.059151142835617065e-01,1.419065594673156738e-01,-1.838839203119277954e-01,1.351136863231658936e-01,-6.591589003801345825e-02,2.132099680602550507e-02,8.923759311437606812e-02,-1.016535311937332153e-01,2.977417409420013428e-01,-9.733076095581054688e-01,1.053792834281921387e+00,8.018706738948822021e-02,-1.918322592973709106e-02,1.411759555339813232e-01,-4.507165029644966125e-02,-3.563105463981628418e-01,5.362590551376342773e-01,1.151327610015869141e+00,-5.752307549118995667e-02,-5.404892936348915100e-02,-8.525229990482330322e-02
-2.637493371963500977e+00,3.219970464706420898e-01,7.808448076248168945e-01,9.991451501846313477e-01,-2.381453290581703186e-03,2.693953365087509155e-02,3.297191113233566284e-02,1.148721948266029358e-02,1.500822454690933228e-01,1.347192227840423584e-01,1.505854427814483643e-01,-1.865209341049194336e-01,-1.751308441162109375e-01,-1.629590056836605072e-02,-1.617454439401626587e-01,-1.058273091912269592e-01,1.503933072090148926e-01,-1.834468394517898560e-01,1.377853304147720337e-01,-7.144509255886077881e-02,2.053453214466571808e-02,8.385304361581802368e-02,-1.101658120751380920e-01,3.039363622665405273e-01,-9.920401573181152344e-01,1.054662585258483887e+00,9.055297821760177612e-02,-1.974997855722904205e-02,1.373744159936904907e-01,-3.945215791463851929e-02,-3.595147728919982910e-01,5.128844976425170898e-01,1.134812474250793457e+00,-5.539579689502716064e-02,-5.745070055127143860e-02,-9.131684899330139160e-02
-2.639429330825805664e+00,3.238972425460815430e-01,7.812284231185913086e-01,9.991451501846313477e-01,-1.075531588867306709e-03,2.719915471971035004e-02,3.286501020193099976e-02,1.769630797207355499e-02,1.425958573818206787e-01,1.377042829990386963e-01,1.316605508327484131e-01,-1.750989705324172974e-01,-1.718521714210510254e-01,-2.077278308570384979e-02,-1.682329475879669189e-01,-1.043420732021331787e-01,1.552779078483581543e-01,-1.799899786710739136e-01,1.410900503396987915e-01,-7.604256272315979004e-02,1.901801675558090210e-02,7.984273880720138550e-02,-1.192664504051208496e-01,3.118057847023010254e-01,-1.006831049919128418e+00,1.062835931777954102e+00,1.001511216163635254e-01,-1.689206995069980621e-02,1.322109252214431763e-01,-3.488958254456520081e-02,-3.551055192947387695e-01,4.952302277088165283e-01,1.120989918708801270e+00,-5.336337536573410034e-02,-6.006298214197158813e-02,-9.787148982286453247e-02
-2.640292644500732422e+00,3.259620070457458496e-01,7.815241217613220215e-01,9.991451501846313477e-01,-4.193791537545621395e-04,2.698534913361072540e-02,3.159744665026664734e-02,2.089174464344978333e-02,1.380455493927001953e-01,1.414922326803207397e-01,1.241240948438644409e-01,-1.702976822853088379e-01,-1.692068725824356079e-01,-2.356042340397834778e-02,-1.723641306161880493e-01,-1.014840528368949890e-01,1.558119654655456543e-01,-1.743299365043640137e-01,1.442750245332717896e-01,-7.835303992033004761e-02,1.812917180359363556e-02,7.744515687227249146e-02,-1.278686225414276123e-01,3.203933835029602051e-01,-1.016063332557678223e+00,1.075032472610473633e+00,1.064777597784996033e-01,-1.292153261601924896e-02,1.273745447397232056e-01,-3.274385258555412292e-02,-3.454377949237823486e-01,4.863436222076416016e-01,1.111152291297912598e+00,-5.540663003921508789e-02,-6.134403496980667114e-02,-1.013278067111968994e-01
-2.642645835876464844e+00,3.275252282619476318e-01,7.816298604011535645e-01,9.992062449455261230e-01,-8.923938003135845065e-05,2.639576792716979980e-02,2.945758588612079620e-02,2.363830618560314178e-02,1.348710954189300537e-01,1.461607664823532104e-01,1.205159947276115417e-01,-1.687096357345581055e-01,-1.668632775545120239e-01,-2.526251785457134247e-02,-1.748447716236114502e-01,-9.779521822929382324e-02,1.550125628709793091e-01,-1.692502498626708984e-01,1.473674476146697998e-01,-7.920775562524795532e-02,1.720141805708408356e-02,7.595668733119964600e-02,-1.348818838596343994e-01,3.289361000061035156e-01,-1.021330118179321289e+00,1.087946414947509766e+00,1.093062460422515869e-01,-9.140540845692157745e-03,1.240661740303039551e-01,-3.312502056360244751e-02,-3.312564492225646973e-01,4.835878610610961914e-01,1.105638265609741211e+00,-6.057341769337654114e-02,-6.141226738691329956e-02,-1.028351932764053345e-01
-2.644678831100463867e+00,3.292685747146606445e-01,7.815585136413574219e-01,9.992672801017761230e-01,2.719964686548337340e-05,2.554667182266712189e-02,2.667665109038352966e-02,2.658565156161785126e-02,1.328353434801101685e-01,1.512539237737655640e-01,1.188599020242691040e-01,-1.693268120288848877e-01,-1.648067831993103027e-01,-2.652257308363914490e-02,-1.762003600597381592e-01,-9.310808777809143066e-02,1.533277928829193115e-01,-1.652162373065948486e-01,1.505817025899887085e-01,-7.888107746839523315e-02,1.611606031656265259e-02,7.515661418437957764e-02,-1.408085376024246216e-01,3.378167748451232910e-01,-1.023216247558593750e+00,1.099718809127807617e+00,1.096981242299079895e-01,-6.431153975427150726e-03,1.218698620796203613e-01,-3.578342497348785400e-02,-3.143547773361206055e-01,4.849090874195098877e-01,1.103701591491699219e+00,-6.840324401855468750e-02,-6.041431799530982971e-02,-1.020731180906295776e-01
-2.646952390670776367e+00,3.310774564743041992e-01,7.812921404838562012e-01,9.994505047798156738e-01,1.086593692889437079e-04,2.448092028498649597e-02,2.346565388143062592e-02,2.963783591985702515e-02,1.314937919378280640e-01,1.566042453050613403e-01,1.180725321173667908e-01,-1.709864884614944458e-01,-1.627304852008819580e-01,-2.821340598165988922e-02,-1.768087446689605713e-01,-8.773226290941238403e-02,1.525608748197555542e-01,-1.623847931623458862e-01,1.538534164428710938e-01,-7.790277153253555298e-02,1.450374815613031387e-02,7.482357323169708252e-02,-1.456714272499084473e-01,3.457576036453247070e-01,-1.021833658218383789e+00,1.110760331153869629e+00,1.076063215732574463e-01,-4.648297559469938278e-03,1.217623576521873474e-01,-3.936931490898132324e-02,-2.958391308784484863e-01,4.888657331466674805e-01,1.103827714920043945e+00,-7.691247761249542236e-02,-5.896234884858131409e-02,-1.002617329359054565e-01
-2.648324966430664062e+00,3.322134912014007568e-01,7.810369133949279785e-01,9.995115995407104492e-01,2.102686703437939286e-04,2.322759106755256653e-02,2.048730105161666870e-02,3.243665769696235657e-02,1.304372698068618774e-01,1.611625999212265015e-01,1.180168464779853821e-01,-1.728609055280685425e-01,-1.607973426580429077e-01,-3.030500747263431549e-02,-1.768949180841445923e-01,-8.222527056932449341e-02,1.540093123912811279e-01,-1.610754132270812988e-01,1.567534059286117554e-01,-7.732331752777099609e-02,1.212802901864051819e-02,7.522567361593246460e-02,-1.485513448715209961e-01,3.531210124492645264e-01,-1.018270134925842285e+00,1.119950294494628906e+00,1.044153794646263123e-01,-3.121309680864214897e-03,1.220512613654136658e-01,-4.368114843964576721e-02,-2.760401666164398193e-01,4.950830340385437012e-01,1.103951811790466309e+00,-8.385337144136428833e-02,-5.650094151496887207e-02,-9.892169386148452759e-02
-2.650065183639526367e+00,3.327240347862243652e-01,7.808580994606018066e-01,9.996337294578552246e-01,4.478247137740254402e-04,2.201886847615242004e-02,1.803486421704292297e-02,3.460434079170227051e-02,1.293684840202331543e-01,1.646156609058380127e-01,1.177753657102584839e-01,-1.734563410282135010e-01,-1.587553918361663818e-01,-3.260733932256698608e-02,-1.771448254585266113e-01,-7.703186571598052979e-02,1.570357680320739746e-01,-1.604718267917633057e-01,1.589502096176147461e-01,-7.745042443275451660e-02,9.033432230353355408e-03,7.620813697576522827e-02,-1.501576006412506104e-01,3.587315082550048828e-01,-1.012226462364196777e+00,1.127620220184326172e+00,1.003882363438606262e-01,-4.040621570311486721e-04,1.219245567917823792e-01,-4.887742921710014343e-02,-2.580415606498718262e-01,5.030831694602966309e-01,1.103429913520812988e+00,-8.809778839349746704e-02,-5.499791353940963745e-02,-9.813504666090011597e-02
-2.650901317596435547e+00,3.333323895931243896e-01,7.807921767234802246e-01,9.996337294578552246e-01,7.368641090579330921e-04,2.083587832748889923e-02,1.614971458911895752e-02,3.633724525570869446e-02,1.283926069736480713e-01,1.671274453401565552e-01,1.174505427479743958e-01,-1.727913469076156616e-01,-1.568636149168014526e-01,-3.431382030248641968e-02,-1.770928949117660522e-01,-7.254205644130706787e-02,1.597197204828262329e-01,-1.599533557891845703e-01,1.602090597152709961e-01,-7.783392071723937988e-02,5.690977443009614944e-03,7.743680477142333984e-02,-1.509835124015808105e-01,3.625370860099792480e-01,-1.005113840103149414e+00,1.134045958518981934e+00,9.726529568433761597e-02,2.316785976290702820e-03,1.211606487631797791e-01,-5.414428189396858215e-02,-2.427821755409240723e-01,5.144523382186889648e-01,1.102632522583007812e+00,-9.215945750474929810e-02,-5.394151061773300171e-02,-9.674329310655593872e-02
-2.651742696762084961e+00,3.336285948753356934e-01,7.808085680007934570e-01,9.996337294578552246e-01,1.054911757819354534e-03,1.973684318363666534e-02,1.513081695884466171e-02,3.729852288961410522e-02,1.275884509086608887e-01,1.681466698646545410e-01,1.175485849380493164e-01,-1.716495007276535034e-01,-1.553921252489089966e-01,-3.516961634159088135e-02,-1.769995391368865967e-01,-6.948136538267135620e-02,1.608922630548477173e-01,-1.588519364595413208e-01,1.605847775936126709e-01,-7.815667986869812012e-02,2.594189019873738289e-03,7.871066778898239136e-02,-1.513429582118988037e-01,3.645974695682525635e-01,-9.973866939544677734e-01,1.137807250022888184e+00,9.364865720272064209e-02,4.880364984273910522e-03,1.205195635557174683e-01,-5.877542868256568909e-02,-2.309990525245666504e-01,5.279335975646972656e-01,1.101110816001892090e+00,-9.478169679641723633e-02,-5.398526042699813843e-02,-9.487082064151763916e-02
-2.653630971908569336e+00,3.336815536022186279e-01,7.808501124382019043e-01,9.997557997703552246e-01,1.325454097241163254e-03,1.874236948788166046e-02,1.498779095709323883e-02,3.739607334136962891e-02,1.268825531005859375e-01,1.678024530410766602e-01,1.177147477865219116e-01,-1.699864715337753296e-01,-1.544153243303298950e-01,-3.478724509477615356e-02,-1.770399957895278931e-01,-6.775688380002975464e-02,1.612738221883773804e-01,-1.585683226585388184e-01,1.602497100830078125e-01,-7.845968753099441528e-02,3.321195545140653849e-04,7.956209033727645874e-02,-1.505240499973297119e-01,3.650228381156921387e-01,-9.879092574119567871e-01,1.137300252914428711e+00,8.862246572971343994e-02,6.066779140383005142e-03,1.211974695324897766e-01,-6.187648326158523560e-02,-2.238011360168457031e-01,5.424011945724487305e-01,1.099529862403869629e+00,-9.744995832443237305e-02,-5.465551838278770447e-02,-9.288757294416427612e-02
-2.656108379364013672e+00,3.341753482818603516e-01,7.808318734169006348e-01,9.997557997703552246e-01,1.478556310757994652e-03,1.786477491259574890e-02,1.516712550073862076e-02,3.692600503563880920e-02,1.267039626836776733e-01,1.667388677597045898e-01,1.184436678886413574e-01,-1.689047068357467651e-01,-1.538695245981216431e-01,-3.366610407829284668e-02,-1.772422492504119873e-01,-6.782974302768707275e-02,1.604833155870437622e-01,-1.587110906839370728e-01,1.595901101827621460e-01,-7.786972820758819580e-02,-1.018839189782738686e-03,8.003735542297363281e-02,-1.485649943351745605e-01,3.642151355743408203e-01,-9.781411290168762207e-01,1.130545616149902344e+00,8.034431189298629761e-02,4.565208218991756439e-03,1.240956410765647888e-01,-6.330931186676025391e-02,-2.211138159036636353e-01,5.560891628265380859e-01,1.098341464996337891e+00,-9.863612055778503418e-02,-5.587764829397201538e-02,-9.114863723516464233e-02
-2.659252882003784180e+00,3.335978388786315918e-01,7.807764410972595215e-01,9.997557997703552246e-01,1.526251668110489845e-03,1.694902405142784119e-02,1.554487273097038269e-02,3.668247535824775696e-02,1.272017210721969604e-01,1.656431406736373901e-01,1.192727312445640564e-01,-1.680095046758651733e-01,-1.538602411746978760e-01,-3.190199658274650574e-02,-1.768361181020736694e-01,-6.879545003175735474e-02,1.588316559791564941e-01,-1.590221971273422241e-01,1.592040956020355225e-01,-7.586912065744400024e-02,-1.740939682349562645e-03,8.036164939403533936e-02,-1.451568603515625000e-01,3.613916039466857910e-01,-9.684911966323852539e-01,1.120415687561035156e+00,7.135162502527236938e-02,1.146521535702049732e-03,1.285333186388015747e-01,-6.367129087448120117e-02,-2.215775847434997559e-01,5.676701664924621582e-01,1.098827600479125977e+00,-9.830005466938018799e-02,-5.668431892991065979e-02,-8.957891911268234253e-02
-2.661411285400390625e+00,3.330781757831573486e-01,7.807609438896179199e-01,9.997557997703552246e-01,1.535790739580988884e-03,1.588064804673194885e-02,1.601801067590713501e-02,3.692736104130744934e-02,1.278226375579833984e-01,1.641805619001388550e-01,1.199330389499664307e-01,-1.671193093061447144e-01,-1.542829126119613647e-01,-2.935848943889141083e-02,-1.763682365417480469e-01,-7.027188688516616821e-02,1.578399986028671265e-01,-1.597165167331695557e-01,1.591352820396423340e-01,-7.317829877138137817e-02,-2.144846832379698753e-03,8.065456897020339966e-02,-1.401008367538452148e-01,3.563448786735534668e-01,-9.614302515983581543e-01,1.108092784881591797e+00,6.430845707654953003e-02,-2.647887682542204857e-03,1.326242238283157349e-01,-6.361456215381622314e-02,-2.236104458570480347e-01,5.765498876571655273e-01,1.102536082267761230e+00,-9.709624946117401123e-02,-5.632031708955764771e-02,-8.861105889081954956e-02
-2.662713766098022461e+00,3.326724171638488770e-01,7.806941866874694824e-01,9.997557997703552246e-01,1.542468089610338211e-03,1.465583126991987228e-02,1.664377376437187195e-02,3.797883540391921997e-02,1.287178546190261841e-01,1.627855896949768066e-01,1.200371235609054565e-01,-1.661809682846069336e-01,-1.549807339906692505e-01,-2.635620906949043274e-02,-1.756629049777984619e-01,-7.226724177598953247e-02,1.571276038885116577e-01,-1.605282574892044067e-01,1.594394445419311523e-01,-6.952098757028579712e-02,-2.486300887539982796e-03,8.113835006952285767e-02,-1.339705288410186768e-01,3.490397930145263672e-01,-9.565286040306091309e-01,1.097267150878906250e+00,6.045675277709960938e-02,-5.326957907527685165e-03,1.356074064970016479e-01,-6.403368711471557617e-02,-2.264031618833541870e-01,5.832610726356506348e-01,1.110003948211669922e+00,-9.445537626743316650e-02,-5.354342982172966003e-02,-8.714973181486129761e-02
-2.662688493728637695e+00,3.320705890655517578e-01,7.806957364082336426e-01,9.997557997703552246e-01,1.526728621684014797e-03,1.341193635016679764e-02,1.739163696765899658e-02,3.941576927900314331e-02,1.295077949762344360e-01,1.608048081398010254e-01,1.200218200683593750e-01,-1.652486324310302734e-01,-1.553044617176055908e-01,-2.369230799376964569e-02,-1.747434139251708984e-01,-7.443763315677642822e-02,1.570083051919937134e-01,-1.617379039525985718e-01,1.595908999443054199e-01,-6.618609279394149780e-02,-2.824842231348156929e-03,8.152823150157928467e-02,-1.261696517467498779e-01,3.395920097827911377e-01,-9.536198377609252930e-01,1.089120745658874512e+00,5.888820812106132507e-02,-5.602634511888027191e-03,1.362243592739105225e-01,-6.404737383127212524e-02,-2.292830944061279297e-01,5.885837674140930176e-01,1.118961095809936523e+00,-9.331689774990081787e-02,-4.936701059341430664e-02,-8.477536588907241821e-02
-2.662765026092529297e+00,3.320343494415283203e-01,7.806307673454284668e-01,9.997557997703552246e-01,1.510512200184166431e-03,1.232829783111810684e-02,1.822344399988651276e-02,4.072861000895500183e-02,1.306043863296508789e-01,1.589868664741516113e-01,1.194714754819869995e-01,-1.642294228076934814e-01,-1.556147187948226929e-01,-2.127960324287414551e-02,-1.737330257892608643e-01,-7.567658275365829468e-02,1.573164016008377075e-01,-1.632758677005767822e-01,1.596708148717880249e-01,-6.257849931716918945e-02,-3.109343117102980614e-03,8.139181137084960938e-02,-1.180092915892601013e-01,3.289346098899841309e-01,-9.524663090705871582e-01,1.083928585052490234e+00,5.879630520939826965e-02,-4.459736403077840805e-03,1.349712461233139038e-01,-6.451629847288131714e-02,-2.325065135955810547e-01,5.930987000465393066e-01,1.126746773719787598e+00,-9.356520324945449829e-02,-4.454923793673515320e-02,-8.142627030611038208e-02
-2.662328481674194336e+00,3.318671584129333496e-01,7.806439995765686035e-01,9.996947646141052246e-01,1.536838477477431297e-03,1.147811301052570343e-02,1.926247216761112213e-02,4.151920974254608154e-02,1.311946958303451538e-01,1.565852165222167969e-01,1.190536841750144958e-01,-1.630599796772003174e-01,-1.552526652812957764e-01,-1.977771334350109100e-02,-1.726331263780593872e-01,-7.700291275978088379e-02,1.583977192640304565e-01,-1.650754362344741821e-01,1.593749970197677612e-01,-5.937313660979270935e-02,-3.418237436562776566e-03,8.086053282022476196e-02,-1.109340190887451172e-01,3.176172077655792236e-01,-9.529581069946289062e-01,1.083281278610229492e+00,6.002340465784072876e-02,-2.583242021501064301e-03,1.321658045053482056e-01,-6.517221033573150635e-02,-2.363900393247604370e-01,5.964486002922058105e-01,1.132105588912963867e+00,-9.646632522344589233e-02,-4.013940319418907166e-02,-7.744823396205902100e-02
-2.663118839263916016e+00,3.315727114677429199e-01,7.806324362754821777e-01,9.997557997703552246e-01,1.527205575257539749e-03,1.073336414992809296e-02,2.034493349492549896e-02,4.173320904374122620e-02,1.318074911832809448e-01,1.536069661378860474e-01,1.186021268367767334e-01,-1.616077870130538940e-01,-1.550136506557464600e-01,-1.849300228059291840e-02,-1.719041168689727783e-01,-7.864324748516082764e-02,1.589876860380172729e-01,-1.663637161254882812e-01,1.586913466453552246e-01,-5.727643147110939026e-02,-3.692201571539044380e-03,8.018141984939575195e-02,-1.054426953196525574e-01,3.082288801670074463e-01,-9.545598030090332031e-01,1.085833311080932617e+00,6.224891543388366699e-02,-5.592919187620282173e-04,1.285041570663452148e-01,-6.587203592061996460e-02,-2.408242523670196533e-01,5.987048149108886719e-01,1.134327411651611328e+00,-9.818950295448303223e-02,-3.710923343896865845e-02,-7.438794523477554321e-02
-2.664073467254638672e+00,3.311161994934082031e-01,7.805997133255004883e-01,9.997557997703552246e-01,1.471402007155120373e-03,1.019154489040374756e-02,2.123015932738780975e-02,4.168978706002235413e-02,1.323833912611007690e-01,1.514998078346252441e-01,1.186904758214950562e-01,-1.609584242105484009e-01,-1.550118327140808105e-01,-1.751055940985679626e-02,-1.710811108350753784e-01,-8.025330305099487305e-02,1.593680679798126221e-01,-1.669133156538009644e-01,1.580152809619903564e-01,-5.536871403455734253e-02,-3.907156176865100861e-03,7.971750944852828979e-02,-1.026349738240242004e-01,3.016648590564727783e-01,-9.562526345252990723e-01,1.090832710266113281e+00,6.475086510181427002e-02,4.486918041948229074e-04,1.254147589206695557e-01,-6.744614243507385254e-02,-2.459110319614410400e-01,6.002001166343688965e-01,1.134821534156799316e+00,-9.891213476657867432e-02,-3.588470816612243652e-02,-7.308883965015411377e-02
-2.664625883102416992e+00,3.314072489738464355e-01,7.806357145309448242e-01,9.997557997703552246e-01,1.373626408167183399e-03,9.699328802525997162e-03,2.188644744455814362e-02,4.154447093605995178e-02,1.331260055303573608e-01,1.501968502998352051e-01,1.188601851463317871e-01,-1.600341349840164185e-01,-1.551729887723922729e-01,-1.684572733938694000e-02,-1.703037768602371216e-01,-8.146277070045471191e-02,1.598439961671829224e-01,-1.672796308994293213e-01,1.572854220867156982e-01,-5.464285612106323242e-02,-4.008248914033174515e-03,7.956422120332717896e-02,-1.017041206359863281e-01,2.981144487857818604e-01,-9.583839774131774902e-01,1.096153974533081055e+00,6.561528146266937256e-02,1.080591697245836258e-03,1.228899210691452026e-01,-6.922184675931930542e-02,-2.506086826324462891e-01,6.016207337379455566e-01,1.133555412292480469e+00,-9.836602956056594849e-02,-3.531626611948013306e-02,-7.274918258190155029e-02
-2.666105031967163086e+00,3.315447568893432617e-01,7.806388735771179199e-01,9.997557997703552246e-01,1.177121535874903202e-03,9.302503429353237152e-03,2.204670384526252747e-02,4.115181043744087219e-02,1.342630237340927124e-01,1.495648324489593506e-01,1.190534457564353943e-01,-1.594448536634445190e-01,-1.553666740655899048e-01,-1.655213907361030579e-02,-1.687804013490676880e-01,-8.158742636442184448e-02,1.600395739078521729e-01,-1.666956096887588501e-01,1.560123860836029053e-01,-5.368492007255554199e-02,-4.088333342224359512e-03,7.946691662073135376e-02,-1.017824634909629822e-01,2.973834574222564697e-01,-9.592710733413696289e-01,1.101199150085449219e+00,6.555014103651046753e-02,1.486346940509974957e-03,1.212429478764533997e-01,-7.152528315782546997e-02,-2.550255954265594482e-01,6.043016910552978516e-01,1.132060170173645020e+00,-9.778403490781784058e-02,-3.587649762630462646e-02,-7.217098027467727661e-02
-2.666145563125610352e+00,3.319234848022460938e-01,7.806363701820373535e-01,9.997557997703552246e-01,9.310134919360280037e-04,8.962912485003471375e-03,2.192460373044013977e-02,4.032199829816818237e-02,1.352460533380508423e-01,1.494911313056945801e-01,1.198013648390769958e-01,-1.589720547199249268e-01,-1.553675383329391479e-01,-1.634176261723041534e-02,-1.671927869319915771e-01,-8.129040896892547607e-02,1.599737852811813354e-01,-1.658980548381805420e-01,1.550079584121704102e-01,-5.327748134732246399e-02,-4.179665818810462952e-03,7.972906529903411865e-02,-1.027756035327911377e-01,2.993459701538085938e-01,-9.603382945060729980e-01,1.106403470039367676e+00,6.518606096506118774e-02,1.949271187186241150e-03,1.204238906502723694e-01,-7.400822639465332031e-02,-2.588126659393310547e-01,6.075679063796997070e-01,1.130680561065673828e+00,-9.692911058664321899e-02,-3.580939769744873047e-02,-7.183303683996200562e-02
-2.666695833206176758e+00,3.318435251712799072e-01,7.806923985481262207e-01,9.997557997703552246e-01,7.118532666936516762e-04,8.775946684181690216e-03,2.155830338597297668e-02,3.918316960334777832e-02,1.363674402236938477e-01,1.501943469047546387e-01,1.203870251774787903e-01,-1.584334820508956909e-01,-1.550536453723907471e-01,-1.665324158966541290e-02,-1.659044921398162842e-01,-8.034669607877731323e-02,1.596045941114425659e-01,-1.647553145885467529e-01,1.541102528572082520e-01,-5.299466475844383240e-02,-4.450067877769470215e-03,8.028458803892135620e-02,-1.052176654338836670e-01,3.031715452671051025e-01,-9.619916081428527832e-01,1.110701203346252441e+00,6.492727249860763550e-02,2.524465555325150490e-03,1.202565506100654602e-01,-7.706084102392196655e-02,-2.612620294094085693e-01,6.113222837448120117e-01,1.129546523094177246e+00,-9.842041879892349243e-02,-3.604575246572494507e-02,-7.094588875770568848e-02
-2.667552947998046875e+00,3.317647874355316162e-01,7.807345390319824219e-01,9.997557997703552246e-01,5.233373958617448807e-04,8.657662197947502136e-03,2.080280892550945282e-02,3.811756521463394165e-02,1.372219175100326538e-01,1.509093642234802246e-01,1.212190315127372742e-01,-1.581925898790359497e-01,-1.543228030204772949e-01,-1.757847331464290619e-02,-1.644020378589630127e-01,-7.933082431554794312e-02,1.589887589216232300e-01,-1.632848680019378662e-01,1.531633734703063965e-01,-5.273664742708206177e-02,-4.812648985534906387e-03,8.115223050117492676e-02,-1.086362898349761963e-01,3.077514171600341797e-01,-9.638333916664123535e-01,1.115008354187011719e+00,6.598007678985595703e-02,2.514040097594261169e-03,1.204753071069717407e-01,-7.990168780088424683e-02,-2.629995942115783691e-01,6.143966317176818848e-01,1.128982543945312500e+00,-1.000660359859466553e-01,-3.606268763542175293e-02,-6.986440718173980713e-02
-2.669430732727050781e+00,3.321985006332397461e-01,7.808565497398376465e-01,9.997557997703552246e-01,3.929501690436154604e-04,8.661477826535701752e-03,2.005494572222232819e-02,3.680119290947914124e-02,1.379126459360122681e-01,1.517397463321685791e-01,1.219876930117607117e-01,-1.575135737657546997e-01,-1.537353843450546265e-01,-1.894513890147209167e-02,-1.634100377559661865e-01,-7.829903811216354370e-02,1.583867520093917847e-01,-1.620110869407653809e-01,1.525432467460632324e-01,-5.342691391706466675e-02,-5.430212244391441345e-03,8.213409036397933960e-02,-1.125263720750808716e-01,3.135294020175933838e-01,-9.669415950775146484e-01,1.118916869163513184e+00,6.826740503311157227e-02,2.714936388656497002e-03,1.204934194684028625e-01,-8.229348063468933105e-02,-2.631970942020416260e-01,6.165986657142639160e-01,1.128249764442443848e+00,-1.013502925634384155e-01,-3.648322075605392456e-02,-6.861708313226699829e-02
-2.670931816101074219e+00,3.314381539821624756e-01,7.809516787528991699e-01,9.997557997703552246e-01,3.190819697920233011e-04,8.608059026300907135e-03,1.921550743281841278e-02,3.592049330472946167e-02,1.385672986507415771e-01,1.534744203090667725e-01,1.225279495120048523e-01,-1.571965217590332031e-01,-1.534953415393829346e-01,-2.021880447864532471e-02,-1.625127643346786499e-01,-7.689718157052993774e-02,1.581958830356597900e-01,-1.605236977338790894e-01,1.518358737230300903e-01,-5.364999920129776001e-02,-6.197545211762189865e-03,8.308605849742889404e-02,-1.165590807795524597e-01,3.196019232273101807e-01,-9.708753824234008789e-01,1.121881127357482910e+00,7.192833721637725830e-02,2.533602761104702950e-03,1.201647892594337463e-01,-8.438087254762649536e-02,-2.629246711730957031e-01,6.176633834838867188e-01,1.127400159835815430e+00,-1.020592078566551208e-01,-3.711030259728431702e-02,-6.815099716186523438e-02
-2.672608613967895508e+00,3.313825130462646484e-01,7.810590863227844238e-01,9.998168945312500000e-01,2.557209518272429705e-04,8.588456548750400543e-03,1.831389963626861572e-02,3.516324609518051147e-02,1.392182409763336182e-01,1.554713994264602661e-01,1.231822893023490906e-01,-1.566312313079833984e-01,-1.535722762346267700e-01,-2.161659859120845795e-02,-1.617538332939147949e-01,-7.568542659282684326e-02,1.579346507787704468e-01,-1.593873053789138794e-01,1.515786349773406982e-01,-5.466813594102859497e-02,-7.008967455476522446e-03,8.416076004505157471e-02,-1.203874498605728149e-01,3.260387182235717773e-01,-9.752149581909179688e-01,1.124076366424560547e+00,7.661744952201843262e-02,2.311525633558630943e-03,1.197326332330703735e-01,-8.575180172920227051e-02,-2.621884047985076904e-01,6.183319091796875000e-01,1.126256585121154785e+00,-1.026975810527801514e-01,-3.779277950525283813e-02,-6.769083440303802490e-02
-2.673829555511474609e+00,3.311041891574859619e-01,7.811752557754516602e-01,9.998168945312500000e-01,2.457353402860462666e-04,8.680026046931743622e-03,1.726848259568214417e-02,3.443170711398124695e-02,1.398125886917114258e-01,1.577246934175491333e-01,1.236222311854362488e-01,-1.558993160724639893e-01,-1.537658721208572388e-01,-2.303981781005859375e-02,-1.610801219940185547e-01,-7.385697960853576660e-02,1.577284783124923706e-01,-1.583158075809478760e-01,1.516601890325546265e-01,-5.567616596817970276e-02,-7.890092208981513977e-03,8.489720523357391357e-02,-1.238931864500045776e-01,3.316282927989959717e-01,-9.786951541900634766e-01,1.125687956809997559e+00,8.069903403520584106e-02,2.137888921424746513e-03,1.198307052254676819e-01,-8.641424775123596191e-02,-2.604727745056152344e-01,6.182801723480224609e-01,1.125213623046875000e+00,-1.030779480934143066e-01,-3.880683332681655884e-02,-6.671342998743057251e-02
-2.674331426620483398e+00,3.311922848224639893e-01,7.813229560852050781e-01,9.998779296875000000e-01,2.464952995069324970e-04,8.748169057071208954e-03,1.624496467411518097e-02,3.396729379892349243e-02,1.401958018541336060e-01,1.596195101737976074e-01,1.234576702117919922e-01,-1.547473818063735962e-01,-1.540927886962890625e-01,-2.426924183964729309e-02,-1.606050878763198853e-01,-7.164291292428970337e-02,1.567961722612380981e-01,-1.570197790861129761e-01,1.517582386732101440e-01,-5.745911598205566406e-02,-8.603759109973907471e-03,8.552218973636627197e-02,-1.264113485813140869e-01,3.363193273544311523e-01,-9.803205728530883789e-01,1.125924348831176758e+00,8.233144134283065796e-02,2.448047744110226631e-03,1.203123331069946289e-01,-8.608660846948623657e-02,-2.587755322456359863e-01,6.178458333015441895e-01,1.125187039375305176e+00,-1.030703336000442505e-01,-3.939817100763320923e-02,-6.604705005884170532e-02
-2.674793481826782227e+00,3.310751318931579590e-01,7.813733816146850586e-01,9.998779296875000000e-01,2.676575386431068182e-04,8.793951012194156647e-03,1.529498863965272903e-02,3.363133594393730164e-02,1.404489427804946899e-01,1.614040732383728027e-01,1.233703866600990295e-01,-1.541407853364944458e-01,-1.542712301015853882e-01,-2.556870691478252411e-02,-1.601594388484954834e-01,-6.936395913362503052e-02,1.560489535331726074e-01,-1.555944979190826416e-01,1.520677357912063599e-01,-5.910778418183326721e-02,-9.155322797596454620e-03,8.603413403034210205e-02,-1.284980177879333496e-01,3.401422500610351562e-01,-9.803795814514160156e-01,1.125615954399108887e+00,8.202161639928817749e-02,2.095706528052687645e-03,1.209525018930435181e-01,-8.518650382757186890e-02,-2.566944062709808350e-01,6.166587471961975098e-01,1.124658823013305664e+00,-1.031147986650466919e-01,-3.957338258624076843e-02,-6.506453454494476318e-02
-2.675996541976928711e+00,3.318770527839660645e-01,7.814685106277465820e-01,9.998779296875000000e-01,3.202352381777018309e-04,8.809211663901805878e-03,1.421148236840963364e-02,3.338450565934181213e-02,1.403533071279525757e-01,1.629729121923446655e-01,1.232759281992912292e-01,-1.534044295549392700e-01,-1.540189683437347412e-01,-2.685479074716567993e-02,-1.598616987466812134e-01,-6.749697774648666382e-02,1.554244607686996460e-01,-1.544323265552520752e-01,1.522321701049804688e-01,-6.060387566685676575e-02,-9.446594864130020142e-03,8.650834858417510986e-02,-1.305225789546966553e-01,3.430292904376983643e-01,-9.791561365127563477e-01,1.124641180038452148e+00,8.128765970468521118e-02,1.200614380650222301e-03,1.215692088007926941e-01,-8.415928483009338379e-02,-2.539909780025482178e-01,6.144514679908752441e-01,1.124259591102600098e+00,-1.044752746820449829e-01,-3.950753808021545410e-02,-6.424039602279663086e-02
-2.677146911621093750e+00,3.322207629680633545e-01,7.814827561378479004e-01,9.998779296875000000e-01,3.655402979347854853e-04,8.778690360486507416e-03,1.315849740058183670e-02,3.330516070127487183e-02,1.401487141847610474e-01,1.645513027906417847e-01,1.231399551033973694e-01,-1.528037339448928833e-01,-1.538452357053756714e-01,-2.804818190634250641e-02,-1.595961600542068481e-01,-6.569764763116836548e-02,1.549724340438842773e-01,-1.533803194761276245e-01,1.525323390960693359e-01,-6.239069998264312744e-02,-9.658547118306159973e-03,8.693197369575500488e-02,-1.316602081060409546e-01,3.447163701057434082e-01,-9.782977700233459473e-01,1.122578263282775879e+00,7.946864515542984009e-02,3.112542253802530468e-05,1.215802356600761414e-01,-8.256132155656814575e-02,-2.516268789768218994e-01,6.115714907646179199e-01,1.123531103134155273e+00,-1.072436571121215820e-01,-3.968520462512969971e-02,-6.439696252346038818e-02
-2.677787303924560547e+00,3.325442969799041748e-01,7.814923524856567383e-01,9.998779296875000000e-01,4.522160452324897051e-04,8.755799382925033569e-03,1.213603373616933823e-02,3.331636264920234680e-02,1.398360580205917358e-01,1.663927137851715088e-01,1.228149160742759705e-01,-1.523752808570861816e-01,-1.533282995223999023e-01,-2.942522801458835602e-02,-1.594901233911514282e-01,-6.388161331415176392e-02,1.547792702913284302e-01,-1.523959636688232422e-01,1.529671400785446167e-01,-6.385678797960281372e-02,-9.742371737957000732e-03,8.717274665832519531e-02,-1.328937560319900513e-01,3.456020355224609375e-01,-9.782059788703918457e-01,1.120962142944335938e+00,7.841416448354721069e-02,-1.220117672346532345e-03,1.220960468053817749e-01,-8.077139407396316528e-02,-2.490261644124984741e-01,6.093796491622924805e-01,1.122749567031860352e+00,-1.108021289110183716e-01,-3.946397826075553894e-02,-6.478514522314071655e-02
-2.679665565490722656e+00,3.330979645252227783e-01,7.815211415290832520e-01,9.999389648437500000e-01,4.939142381772398949e-04,8.747634477913379669e-03,1.101370342075824738e-02,3.329991921782493591e-02,1.396147310733795166e-01,1.677257567644119263e-01,1.225223317742347717e-01,-1.521511524915695190e-01,-1.529126912355422974e-01,-3.051736764609813690e-02,-1.593869626522064209e-01,-6.182622909545898438e-02,1.544755846261978149e-01,-1.513858139514923096e-01,1.531036347150802612e-01,-6.553796678781509399e-02,-9.731467813253402710e-03,8.713515102863311768e-02,-1.335363984107971191e-01,3.457475900650024414e-01,-9.791106581687927246e-01,1.118716835975646973e+00,7.687368988990783691e-02,-1.937082270160317421e-03,1.221077591180801392e-01,-7.909401506185531616e-02,-2.466440945863723755e-01,6.068923473358154297e-01,1.122119665145874023e+00,-1.135459318757057190e-01,-3.938931971788406372e-02,-6.496039777994155884e-02
-2.680280208587646484e+00,3.328367173671722412e-01,7.815270423889160156e-01,9.999389648437500000e-01,5.784388049505650997e-04,8.770524524152278900e-03,9.991302154958248138e-03,3.343529999256134033e-02,1.392296552658081055e-01,1.689669042825698853e-01,1.223073154687881470e-01,-1.523048430681228638e-01,-1.525726169347763062e-01,-3.176316618919372559e-02,-1.591658741235733032e-01,-5.987712368369102478e-02,1.541137099266052246e-01,-1.504849940538406372e-01,1.532211899757385254e-01,-6.717583537101745605e-02,-9.692588821053504944e-03,8.698835223913192749e-02,-1.338320076465606689e-01,3.449963927268981934e-01,-9.806052446365356445e-01,1.116481542587280273e+00,7.521728426218032837e-02,-2.193613443523645401e-03,1.221485659480094910e-01,-7.706776261329650879e-02,-2.443650364875793457e-01,6.054394245147705078e-01,1.121014237403869629e+00,-1.147564873099327087e-01,-3.884915262460708618e-02,-6.482499092817306519e-02
-2.680580854415893555e+00,3.333326876163482666e-01,7.814832329750061035e-01,9.999389648437500000e-01,6.127731758169829845e-04,8.770524524152278900e-03,9.247390553355216980e-03,3.377013280987739563e-02,1.392654627561569214e-01,1.702382415533065796e-01,1.222748011350631714e-01,-1.529178172349929810e-01,-1.527374535799026489e-01,-3.251123800873756409e-02,-1.589845418930053711e-01,-5.802417173981666565e-02,1.540870964527130127e-01,-1.499204486608505249e-01,1.533835381269454956e-01,-6.897705048322677612e-02,-9.464182890951633453e-03,8.677068352699279785e-02,-1.343268305063247681e-01,3.432685434818267822e-01,-9.821864962577819824e-01,1.114766955375671387e+00,7.342896610498428345e-02,-2.885838970541954041e-03,1.221244707703590393e-01,-7.529260218143463135e-02,-2.423211038112640381e-01,6.036739349365234375e-01,1.120267152786254883e+00,-1.150485053658485413e-01,-3.903340548276901245e-02,-6.498207151889801025e-02
-2.680234193801879883e+00,3.338486552238464355e-01,7.814463973045349121e-01,9.999389648437500000e-01,6.571217090822756290e-04,8.740005083382129669e-03,8.648446761071681976e-03,3.444110229611396790e-02,1.391001194715499878e-01,1.713811755180358887e-01,1.218339651823043823e-01,-1.531981974840164185e-01,-1.530170589685440063e-01,-3.315272927284240723e-02,-1.587772071361541748e-01,-5.646912008523941040e-02,1.542396843433380127e-01,-1.496942192316055298e-01,1.535324752330780029e-01,-7.056225836277008057e-02,-9.226744994521141052e-03,8.654198795557022095e-02,-1.358999162912368774e-01,3.402340710163116455e-01,-9.838723540306091309e-01,1.113201975822448730e+00,7.343271374702453613e-02,-2.966732019558548927e-03,1.220974624156951904e-01,-7.303191721439361572e-02,-2.400304377079010010e-01,6.022029519081115723e-01,1.119009971618652344e+00,-1.144780144095420837e-01,-3.887298330664634705e-02,-6.526911258697509766e-02
-2.680680751800537109e+00,3.341670930385589600e-01,7.814041972160339355e-01,9.999389648437500000e-01,6.750042084604501724e-04,8.690411224961280823e-03,8.377586491405963898e-03,3.482193872332572937e-02,1.389493644237518311e-01,1.721089333295822144e-01,1.213286817073822021e-01,-1.528831422328948975e-01,-1.534767746925354004e-01,-3.327466547489166260e-02,-1.588504165410995483e-01,-5.565406009554862976e-02,1.542287617921829224e-01,-1.500406265258789062e-01,1.533553302288055420e-01,-7.242079824209213257e-02,-8.748142048716545105e-03,8.625183999538421631e-02,-1.381236463785171509e-01,3.368113934993743896e-01,-9.860686063766479492e-01,1.111776828765869141e+00,7.467366009950637817e-02,-3.440743545070290565e-03,1.226666495203971863e-01,-7.123310863971710205e-02,-2.382319271564483643e-01,6.002752780914306641e-01,1.118683815002441406e+00,-1.130777075886726379e-01,-3.921788558363914490e-02,-6.623412668704986572e-02
-2.680919885635375977e+00,3.349596858024597168e-01,7.813374996185302734e-01,9.999389648437500000e-01,7.036161841824650764e-04,8.640816435217857361e-03,8.186840452253818512e-03,3.515719994902610779e-02,1.389059722423553467e-01,1.724629104137420654e-01,1.209534332156181335e-01,-1.528644412755966187e-01,-1.536034792661666870e-01,-3.347338363528251648e-02,-1.590080112218856812e-01,-5.554547905921936035e-02,1.543539762496948242e-01,-1.502034515142440796e-01,1.532680839300155640e-01,-7.373823225498199463e-02,-8.273058570921421051e-03,8.573199808597564697e-02,-1.409480273723602295e-01,3.331339657306671143e-01,-9.896207451820373535e-01,1.110584735870361328e+00,7.726135104894638062e-02,-4.331542644649744034e-03,1.230163276195526123e-01,-6.949173659086227417e-02,-2.363328039646148682e-01,5.986893177032470703e-01,1.118948101997375488e+00,-1.124082282185554504e-01,-3.999051451683044434e-02,-6.657595187425613403e-02
-2.680486202239990234e+00,3.358143568038940430e-01,7.813032865524291992e-01,9.999389648437500000e-01,7.589326705783605576e-04,8.568333461880683899e-03,7.935054600238800049e-03,3.561373054981231689e-02,1.385808289051055908e-01,1.727391928434371948e-01,1.206157654523849487e-01,-1.525248587131500244e-01,-1.538704484701156616e-01,-3.347448259592056274e-02,-1.592300534248352051e-01,-5.551646277308464050e-02,1.544016450643539429e-01,-1.502412408590316772e-01,1.533785164356231689e-01,-7.464379072189331055e-02,-7.675058208405971527e-03,8.533862978219985962e-02,-1.440570205450057983e-01,3.290252685546875000e-01,-9.934583902359008789e-01,1.108444809913635254e+00,8.035153150558471680e-02,-4.902902990579605103e-03,1.239579394459724426e-01,-6.840222328901290894e-02,-2.353091388940811157e-01,5.975779891014099121e-01,1.119999527931213379e+00,-1.118943393230438232e-01,-4.047720879316329956e-02,-6.716182827949523926e-02
-2.681015968322753906e+00,3.364950120449066162e-01,7.812602519989013672e-01,9.999389648437500000e-01,7.784841582179069519e-04,8.553073741495609283e-03,8.022798225283622742e-03,3.564367815852165222e-02,1.385443806648254395e-01,1.724228560924530029e-01,1.203700825572013855e-01,-1.522547155618667603e-01,-1.544003039598464966e-01,-3.359761834144592285e-02,-1.596461683511734009e-01,-5.632117018103599548e-02,1.544696092605590820e-01,-1.502855122089385986e-01,1.537107378244400024e-01,-7.519304752349853516e-02,-6.959152407944202423e-03,8.490207791328430176e-02,-1.460807472467422485e-01,3.249429762363433838e-01,-9.969781637191772461e-01,1.105401396751403809e+00,8.342759311199188232e-02,-5.486821755766868591e-03,1.254088133573532104e-01,-6.744474917650222778e-02,-2.345371693372726440e-01,5.964168906211853027e-01,1.121723175048828125e+00,-1.113782227039337158e-01,-4.076964780688285828e-02,-6.726091355085372925e-02
-2.681924104690551758e+00,3.369512557983398438e-01,7.812846302986145020e-01,9.999389648437500000e-01,8.149644709192216396e-04,8.446255698800086975e-03,8.224989287555217743e-03,3.585612028837203979e-02,1.383798122406005859e-01,1.718536168336868286e-01,1.203911378979682922e-01,-1.519658565521240234e-01,-1.552702635526657104e-01,-3.364628180861473083e-02,-1.600327491760253906e-01,-5.695537850260734558e-02,1.549068242311477661e-01,-1.503861099481582642e-01,1.538933664560317993e-01,-7.549935579299926758e-02,-6.303241476416587830e-03,8.449934422969818115e-02,-1.468630880117416382e-01,3.208811879158020020e-01,-9.994267225265502930e-01,1.101925373077392578e+00,8.607123047113418579e-02,-5.837845616042613983e-03,1.271005719900131226e-01,-6.715866923332214355e-02,-2.346446216106414795e-01,5.958473086357116699e-01,1.123803377151489258e+00,-1.097817197442054749e-01,-4.033605009317398071e-02,-6.685474514961242676e-02
-2.681590795516967773e+00,3.368847370147705078e-01,7.812498807907104492e-01,9.999389648437500000e-01,8.721884223632514477e-04,8.278398774564266205e-03,8.514923974871635437e-03,3.621957451105117798e-02,1.382800936698913574e-01,1.715041995048522949e-01,1.201456487178802490e-01,-1.517451107501983643e-01,-1.559754759073257446e-01,-3.351133689284324646e-02,-1.603873968124389648e-01,-5.768441408872604370e-02,1.552988588809967041e-01,-1.504386812448501587e-01,1.542219221591949463e-01,-7.525122910737991333e-02,-5.643729586154222488e-03,8.426740020513534546e-02,-1.471251696348190308e-01,3.172561228275299072e-01,-1.000393629074096680e+00,1.098800063133239746e+00,8.768434077501296997e-02,-6.847149226814508438e-03,1.293521672487258911e-01,-6.667260080575942993e-02,-2.356328517198562622e-01,5.955429673194885254e-01,1.126457333564758301e+00,-1.092284545302391052e-01,-3.909753635525703430e-02,-6.649007648229598999e-02
-2.681277513504028320e+00,3.375205397605895996e-01,7.812484502792358398e-01,9.999389648437500000e-01,9.205903043039143085e-04,8.026612922549247742e-03,9.026125073432922363e-03,3.675032779574394226e-02,1.381863057613372803e-01,1.703265309333801270e-01,1.199636384844779968e-01,-1.513028442859649658e-01,-1.563510745763778687e-01,-3.310272470116615295e-02,-1.607471108436584473e-01,-5.847282335162162781e-02,1.557941287755966187e-01,-1.507530361413955688e-01,1.545362323522567749e-01,-7.517681270837783813e-02,-5.061514675617218018e-03,8.397885411977767944e-02,-1.467967629432678223e-01,3.138719797134399414e-01,-1.001710057258605957e+00,1.095487475395202637e+00,8.765499293804168701e-02,-7.862190715968608856e-03,1.314650326967239380e-01,-6.598583608865737915e-02,-2.374313473701477051e-01,5.952771902084350586e-01,1.129275798797607422e+00,-1.084126755595207214e-01,-3.759041428565979004e-02,-6.677593290805816650e-02
-2.680371999740600586e+00,3.373378515243530273e-01,7.812831401824951172e-01,9.999389648437500000e-01,9.334657224826514721e-04,7.620322983711957932e-03,9.674662724137306213e-03,3.735103458166122437e-02,1.379478871822357178e-01,1.690213680267333984e-01,1.198125928640365601e-01,-1.504938602447509766e-01,-1.563912332057952881e-01,-3.230437636375427246e-02,-1.609257757663726807e-01,-5.936669185757637024e-02,1.566457003355026245e-01,-1.510100364685058594e-01,1.546277850866317749e-01,-7.511023432016372681e-02,-4.539690446108579636e-03,8.380645513534545898e-02,-1.461546719074249268e-01,3.112254440784454346e-01,-1.002826690673828125e+00,1.092620849609375000e+00,8.694680035114288330e-02,-8.742142468690872192e-03,1.335016191005706787e-01,-6.518168002367019653e-02,-2.395112216472625732e-01,5.951741337776184082e-01,1.131893277168273926e+00,-1.068791374564170837e-01,-3.608074411749839783e-02,-6.734331697225570679e-02
-2.680116176605224609e+00,3.373621404170989990e-01,7.812271714210510254e-01,9.999389648437500000e-01,8.986544562503695488e-04,7.151086349040269852e-03,1.017441879957914352e-02,3.813676908612251282e-02,1.381279379129409790e-01,1.681391447782516479e-01,1.197611391544342041e-01,-1.503132581710815430e-01,-1.563730388879776001e-01,-3.142634406685829163e-02,-1.608437150716781616e-01,-6.014562770724296570e-02,1.573935151100158691e-01,-1.510387212038040161e-01,1.547366827726364136e-01,-7.407225668430328369e-02,-3.952968399971723557e-03,8.372377604246139526e-02,-1.454447358846664429e-01,3.092853724956512451e-01,-1.003931522369384766e+00,1.090742468833923340e+00,8.559671044349670410e-02,-9.918382391333580017e-03,1.347350776195526123e-01,-6.451836973428726196e-02,-2.417136281728744507e-01,5.948612093925476074e-01,1.134682178497314453e+00,-1.062853559851646423e-01,-3.584736213088035583e-02,-6.779783964157104492e-02
-2.678994894027709961e+00,3.370752632617950439e-01,7.812126874923706055e-01,9.999389648437500000e-01,8.128185290843248367e-04,6.651330739259719849e-03,1.093359012156724930e-02,3.877174109220504761e-02,1.384030133485794067e-01,1.670829802751541138e-01,1.199713349342346191e-01,-1.498909741640090942e-01,-1.564053148031234741e-01,-3.036392666399478912e-02,-1.606755256652832031e-01,-6.114182248711585999e-02,1.581510901451110840e-01,-1.513333171606063843e-01,1.549262404441833496e-01,-7.344464212656021118e-02,-3.433864796534180641e-03,8.357923477888107300e-02,-1.435541361570358276e-01,3.079648613929748535e-01,-1.005737781524658203e+00,1.090156555175781250e+00,8.516704291105270386e-02,-9.854955598711967468e-03,1.352472305297851562e-01,-6.368716061115264893e-02,-2.442953586578369141e-01,5.942835807800292969e-01,1.136618494987487793e+00,-1.049229651689529419e-01,-3.551376983523368835e-02,-6.796795129776000977e-02
-2.678598403930664062e+00,3.377217054367065430e-01,7.813203334808349609e-01,9.998779296875000000e-01,7.041360368020832539e-04,6.150042638182640076e-03,1.159428060054779053e-02,3.947013616561889648e-02,1.388792097568511963e-01,1.660840064287185669e-01,1.200568675994873047e-01,-1.497962325811386108e-01,-1.562961190938949585e-01,-2.955894730985164642e-02,-1.602033972740173340e-01,-6.184982880949974060e-02,1.591770499944686890e-01,-1.514438688755035400e-01,1.551346927881240845e-01,-7.245673239231109619e-02,-3.072173567488789558e-03,8.351849019527435303e-02,-1.410543620586395264e-01,3.075346648693084717e-01,-1.006860494613647461e+00,1.090622782707214355e+00,8.373739570379257202e-02,-8.938550017774105072e-03,1.346445679664611816e-01,-6.266776472330093384e-02,-2.472089231014251709e-01,5.938140749931335449e-01,1.137150049209594727e+00,-1.035497859120368958e-01,-3.556975722312927246e-02,-6.767487525939941406e-02
-2.678446292877197266e+00,3.379909396171569824e-01,7.813242077827453613e-01,9.998779296875000000e-01,6.571618141606450081e-04,5.745635367929935455e-03,1.221233699470758438e-02,4.006657004356384277e-02,1.392909735441207886e-01,1.652373075485229492e-01,1.204035505652427673e-01,-1.499835699796676636e-01,-1.563682109117507935e-01,-2.864183858036994934e-02,-1.601010710000991821e-01,-6.296167522668838501e-02,1.599319726228713989e-01,-1.518613994121551514e-01,1.554145812988281250e-01,-7.108048349618911743e-02,-2.878493629395961761e-03,8.340015262365341187e-02,-1.377597749233245850e-01,3.080019354820251465e-01,-1.007263183593750000e+00,1.092046737670898438e+00,8.353635668754577637e-02,-8.269476704299449921e-03,1.339749544858932495e-01,-6.169969588518142700e-02,-2.498967498540878296e-01,5.925104022026062012e-01,1.137055397033691406e+00,-1.023698225617408752e-01,-3.517103195190429688e-02,-6.724756956100463867e-02
-2.678301095962524414e+00,3.383560180664062500e-01,7.813718914985656738e-01,9.998779296875000000e-01,6.225869292393326759e-04,5.425161682069301605e-03,1.281513273715972900e-02,4.018958285450935364e-02,1.395937502384185791e-01,1.642194986343383789e-01,1.204787194728851318e-01,-1.499395370483398438e-01,-1.563579589128494263e-01,-2.792382426559925079e-02,-1.600323766469955444e-01,-6.442933529615402222e-02,1.605116426944732666e-01,-1.524465531110763550e-01,1.556451022624969482e-01,-7.051603496074676514e-02,-2.956052310764789581e-03,8.339647203683853149e-02,-1.339070796966552734e-01,3.096691668033599854e-01,-1.006099700927734375e+00,1.094450235366821289e+00,8.428444713354110718e-02,-7.522368337959051132e-03,1.323157101869583130e-01,-6.101945415139198303e-02,-2.521016299724578857e-01,5.909283757209777832e-01,1.135798931121826172e+00,-1.012209802865982056e-01,-3.454648330807685852e-02,-6.739244610071182251e-02
-2.678449153900146484e+00,3.386945724487304688e-01,7.814349532127380371e-01,9.998779296875000000e-01,5.913502536714076996e-04,5.158100277185440063e-03,1.342174317687749863e-02,4.011425003409385681e-02,1.398936808109283447e-01,1.632289588451385498e-01,1.206015124917030334e-01,-1.497352868318557739e-01,-1.562380641698837280e-01,-2.708388864994049072e-02,-1.599778980016708374e-01,-6.549455225467681885e-02,1.606698781251907349e-01,-1.527336388826370239e-01,1.555445790290832520e-01,-6.950934231281280518e-02,-3.038845025002956390e-03,8.347460627555847168e-02,-1.312025934457778931e-01,3.121653795242309570e-01,-1.003884792327880859e+00,1.097180366516113281e+00,8.543679118156433105e-02,-6.678430829197168350e-03,1.303567141294479370e-01,-6.091523915529251099e-02,-2.542057633399963379e-01,5.888069868087768555e-01,1.134643316268920898e+00,-1.018689423799514771e-01,-3.415522351861000061e-02,-6.721451133489608765e-02
-2.678092479705810547e+00,3.383619785308837891e-01,7.814811468124389648e-01,9.998779296875000000e-01,5.354342865757644176e-04,4.952081479132175446e-03,1.401309389621019363e-02,3.958325460553169250e-02,1.402460038661956787e-01,1.620766818523406982e-01,1.208082437515258789e-01,-1.494720131158828735e-01,-1.559046804904937744e-01,-2.639476209878921509e-02,-1.595587432384490967e-01,-6.675484031438827515e-02,1.604186743497848511e-01,-1.529603600502014160e-01,1.552022993564605713e-01,-6.912718713283538818e-02,-3.194189397618174553e-03,8.323165774345397949e-02,-1.290196776390075684e-01,3.155955076217651367e-01,-1.001956462860107422e+00,1.100690841674804688e+00,8.730132877826690674e-02,-5.586321000009775162e-03,1.276966035366058350e-01,-6.076951324939727783e-02,-2.560574710369110107e-01,5.865633487701416016e-01,1.133203029632568359e+00,-1.030791029334068298e-01,-3.386200964450836182e-02,-6.698097288608551025e-02
-2.678546905517578125e+00,3.384479880332946777e-01,7.815403938293457031e-01,9.998779296875000000e-01,4.702188307419419289e-04,4.768953658640384674e-03,1.446709781885147095e-02,3.921670466661453247e-02,1.406263560056686401e-01,1.612907350063323975e-01,1.208087727427482605e-01,-1.490066051483154297e-01,-1.555749922990798950e-01,-2.568885311484336853e-02,-1.591684371232986450e-01,-6.747820973396301270e-02,1.599705517292022705e-01,-1.530276536941528320e-01,1.548355668783187866e-01,-6.842426210641860962e-02,-3.433721140027046204e-03,8.315636217594146729e-02,-1.274504959583282471e-01,3.195231258869171143e-01,-9.997793436050415039e-01,1.103469014167785645e+00,8.924762159585952759e-02,-4.187286365777254105e-03,1.247775256633758545e-01,-6.064134463667869568e-02,-2.574320137500762939e-01,5.843272209167480469e-01,1.131446361541748047e+00,-1.046604141592979431e-01,-3.370627015829086304e-02,-6.671705842018127441e-02
-2.678755044937133789e+00,3.385130167007446289e-01,7.816026210784912109e-01,9.998779296875000000e-01,4.277751431800425053e-04,4.580103326588869095e-03,1.490202639251947403e-02,3.879847005009651184e-02,1.407801955938339233e-01,1.609199047088623047e-01,1.207895651459693909e-01,-1.483124345541000366e-01,-1.552094519138336182e-01,-2.519068121910095215e-02,-1.588276773691177368e-01,-6.788036227226257324e-02,1.598743796348571777e-01,-1.533838063478469849e-01,1.548480689525604248e-01,-6.810292601585388184e-02,-3.785996697843074799e-03,8.333092927932739258e-02,-1.263367235660552979e-01,3.241727948188781738e-01,-9.975180625915527344e-01,1.106098651885986328e+00,9.089384973049163818e-02,-2.741929376497864723e-03,1.224155575037002563e-01,-6.161887198686599731e-02,-2.586797475814819336e-01,5.835153460502624512e-01,1.130173563957214355e+00,-1.061794012784957886e-01,-3.390486910939216614e-02,-6.632101535797119141e-02
-2.678600549697875977e+00,3.389568626880645752e-01,7.817150950431823730e-01,9.998779296875000000e-01,4.121568344999104738e-04,4.490446764975786209e-03,1.509660016745328903e-02,3.840171173214912415e-02,1.408274322748184204e-01,1.606156080961227417e-01,1.211454570293426514e-01,-1.476737856864929199e-01,-1.549938917160034180e-01,-2.537236176431179047e-02,-1.584185659885406494e-01,-6.790586560964584351e-02,1.603834331035614014e-01,-1.539182811975479126e-01,1.549955159425735474e-01,-6.777964532375335693e-02,-4.276092629879713058e-03,8.367922902107238770e-02,-1.254336088895797729e-01,3.289978802204132080e-01,-9.955523610115051270e-01,1.107825636863708496e+00,9.404715895652770996e-02,-2.048645168542861938e-03,1.198790296912193298e-01,-6.321253627538681030e-02,-2.602807581424713135e-01,5.826585888862609863e-01,1.128859877586364746e+00,-1.087691336870193481e-01,-3.432693704962730408e-02,-6.587786227464675903e-02
-2.679310083389282227e+00,3.389462232589721680e-01,7.817549705505371094e-01,9.998779296875000000e-01,4.219331895001232624e-04,4.477093927562236786e-03,1.502029690891504288e-02,3.778397291898727417e-02,1.408004313707351685e-01,1.603061109781265259e-01,1.213333010673522949e-01,-1.473462134599685669e-01,-1.547003984451293945e-01,-2.637008950114250183e-02,-1.582404822111129761e-01,-6.736518442630767822e-02,1.605268865823745728e-01,-1.539883166551589966e-01,1.554455161094665527e-01,-6.732254475355148315e-02,-4.908486735075712204e-03,8.403807878494262695e-02,-1.243514642119407654e-01,3.332779705524444580e-01,-9.934569597244262695e-01,1.108777284622192383e+00,9.715080261230468750e-02,-1.736606471240520477e-03,1.180496364831924438e-01,-6.486754119396209717e-02,-2.609210014343261719e-01,5.821790099143981934e-01,1.127195835113525391e+00,-1.119007915258407593e-01,-3.485065698623657227e-02,-6.528604030609130859e-02
-2.679475784301757812e+00,3.392713665962219238e-01,7.818107008934020996e-01,9.998779296875000000e-01,4.927521222271025181e-04,4.639238119125366211e-03,1.487913541495800018e-02,3.642025589942932129e-02,1.407211124897003174e-01,1.609332710504531860e-01,1.215518340468406677e-01,-1.466561704874038696e-01,-1.540147960186004639e-01,-2.790076471865177155e-02,-1.583424806594848633e-01,-6.686204671859741211e-02,1.612972021102905273e-01,-1.544511765241622925e-01,1.558146476745605469e-01,-6.784257292747497559e-02,-5.516127683222293854e-03,8.409000933170318604e-02,-1.241593211889266968e-01,3.368437588214874268e-01,-9.907721877098083496e-01,1.109014391899108887e+00,9.855348616838455200e-02,-2.104601822793483734e-03,1.159190610051155090e-01,-6.752834469079971313e-02,-2.609477043151855469e-01,5.820548534393310547e-01,1.125463604927062988e+00,-1.139424145221710205e-01,-3.462750837206840515e-02,-6.554039567708969116e-02
-2.679708719253540039e+00,3.389880359172821045e-01,7.818351984024047852e-01,9.998779296875000000e-01,6.137643358670175076e-04,4.995956085622310638e-03,1.451669540256261826e-02,3.436179831624031067e-02,1.405085921287536621e-01,1.620338559150695801e-01,1.219303980469703674e-01,-1.465056389570236206e-01,-1.532572656869888306e-01,-2.974514290690422058e-02,-1.583082228899002075e-01,-6.624558568000793457e-02,1.614427715539932251e-01,-1.541627347469329834e-01,1.560819149017333984e-01,-6.806178390979766846e-02,-6.186708807945251465e-03,8.321582525968551636e-02,-1.240794658660888672e-01,3.384296894073486328e-01,-9.870489239692687988e-01,1.108725070953369141e+00,9.758866578340530396e-02,-2.898251404985785484e-03,1.143539100885391235e-01,-6.943342834711074829e-02,-2.601110935211181641e-01,5.815861821174621582e-01,1.123431801795959473e+00,-1.149939075112342834e-01,-3.385723382234573364e-02,-6.515759229660034180e-02
