test_a_neutrally_named_object_is_not_claimed (tests.test_arm_joint_scan.TestAFreeJointIsNeverAnArmJoint.test_a_neutrally_named_object_is_not_claimed)
The control: six joints an arm, whatever else is in the scene. ... /tmp/rss-newton-study/RoboSimStudio/robosimstudio/scene/physics/backends.py:112: DeprecationWarning: Omitting rigid_compliant_alm is deprecated as of Newton 1.6 because the default will change from the legacy penalty/AVBD path (False) to unified compliant ALM (True), which is becoming the standard for rigid VBD. The legacy path is deprecated and will be removed in a future release. Pass rigid_compliant_alm=True to adopt compliant ALM now, or rigid_compliant_alm=False to keep the legacy path during the migration window.
  return cls(model=view, **kwargs)
/tmp/rss-newton-study/RoboSimStudio/robosimstudio/scene/physics/couplers.py:152: DeprecationWarning: The soft_contact_margin parameter of CollisionPipeline is deprecated; use soft_contact_gap (same value: detection-only distance added to the particle radius).
  return newton.CollisionPipeline(view, **kwargs)
linesearch iterations limit reached - please increase ls_iterations to 20
ok
test_an_object_named_for_an_arm_is_not_claimed_either (tests.test_arm_joint_scan.TestAFreeJointIsNeverAnArmJoint.test_an_object_named_for_an_arm_is_not_claimed_either)
The bug. Before the fix this raised out of Newton's IK during the ... linesearch iterations limit reached - please increase ls_iterations to 20
ok
test_the_arms_still_solve (tests.test_arm_joint_scan.TestAFreeJointIsNeverAnArmJoint.test_the_arms_still_solve)
Not just indexed correctly -- usable. An arm indexed with a phantom ... linesearch iterations limit reached - please increase ls_iterations to 20
ok
test_a_zeroed_offset_round_trips_through_to_radians (tests.test_calibrate_leader_arms.TestTheArithmetic.test_a_zeroed_offset_round_trips_through_to_radians) ... ok
test_the_fit_reads_the_sign_off_the_data (tests.test_calibrate_leader_arms.TestTheArithmetic.test_the_fit_reads_the_sign_off_the_data) ... ok
test_the_parser_takes_leader_or_its_old_spelling (tests.test_calibrate_leader_arms.TestTheArithmetic.test_the_parser_takes_leader_or_its_old_spelling) ... usage: python -m unittest [-h] --leader LEADER [--out OUT]
                          [--embodiment EMBODIMENT] [--cell CELL]
                          [--zero-only | --gripper-only]
                          [--viser-port VISER_PORT] [--share]
python -m unittest: error: argument --gripper-only: not allowed with argument --zero-only
ok
test_the_preflight_refuses_in_one_sentence (tests.test_calibrate_leader_arms.TestTheArithmetic.test_the_preflight_refuses_in_one_sentence) ... ok
linesearch iterations limit reached - please increase ls_iterations to 20
Warp 1.18.0 initialized:
   CUDA Toolkit 13.4, Driver 13.2
   Devices:
     "cpu"      : "x86_64"
     "cuda:0"   : "NVIDIA L4" (22 GiB, sm_89, mempool enabled)
   Kernel cache:
     /home/eheiden/.cache/warp/1.18.0
Module newton._src.geometry.inertia 060c986 load on device 'cuda:0' took 2.27 ms  (cached)
Module warp._src.coloring 811e0ea load on device 'cpu' took 1.58 ms  (cached)
Module validate_and_correct_inertia_kernel_1ff2ac62 1ff2ac6 load on device 'cuda:0' took 0.44 ms  (cached)
Module newton._src.geometry.bvh 58a3a49 load on device 'cuda:0' took 3.35 ms  (cached)
Module create_eval_articulation_fk_tile__locals__eval_articulation_fk_tile_37579831 5768819 load on device 'cuda:0' took 1407.94 ms  (compiled)
Module newton._src.solvers.coupled.model_view a945984 load on device 'cuda:0' took 1.78 ms  (cached)
Module newton._src.solvers.coupled.solver_coupled 21afced load on device 'cuda:0' took 2.46 ms  (cached)
Module newton._src.solvers.mujoco.kernels 6868d1f load on device 'cuda:0' took 9.62 ms  (cached)
Module mujoco_warp._src.io c728e4c load on device 'cuda:0' took 2.20 ms  (cached)
Module mujoco_warp._src.smooth d04e5a7 load on device 'cuda:0' took 1.97 ms  (cached)
Module _tile_cholesky_factorize_block__locals__kernel_9f936d9a 297f8b4 load on device 'cuda:0' took 4538.78 ms  (compiled)
Module _tile_cholesky_solve_block__locals__kernel_4e00920c d5eb3a9 load on device 'cuda:0' took 3927.41 ms  (compiled)
Module newton._src.solvers.vbd.rigid_vbd_kernels aa81cc4 load on device 'cpu' took 0.48 ms  (cached)
Module newton._src.solvers.vbd.rigid_vbd_kernels f78a99d load on device 'cuda:0' took 2.18 ms  (cached)
Module newton._src.solvers.solver d7b7ff4 load on device 'cuda:0' took 0.76 ms  (cached)
Module newton._src.solvers.coupled.interface 8695af3 load on device 'cuda:0' took 0.63 ms  (cached)
Module _copy_reset_view_rows_kernel_b1388c9e b251a03 load on device 'cuda:0' took 592.58 ms  (compiled)
Module _copy_reset_view_rows_kernel_b1388c9e 95bd9f7 load on device 'cuda:0' took 166.77 ms  (compiled)
Module _copy_reset_view_rows_kernel_b1388c9e fa0b142 load on device 'cuda:0' took 206.63 ms  (compiled)
Module _zero_reset_view_rows_kernel_9c2de979 5f02c67 load on device 'cuda:0' took 116.93 ms  (compiled)
Module newton._src.sim.contacts 9fb4206 load on device 'cuda:0' took 123.41 ms  (compiled)
Module newton._src.solvers.vbd.vbd_coupling_kernels bd606c2 load on device 'cuda:0' took 0.67 ms  (cached)
Module _nxn_broadphase__locals__kernel_04e59282 04e5928 load on device 'cuda:0' took 1.27 ms  (cached)
Module ccd_kernel_builder__locals__ccd_kernel_56348735 5634873 load on device 'cuda:0' took 22130.54 ms  (compiled)
Module ccd_kernel_builder__locals__ccd_kernel_56348735 6ce55be load on device 'cuda:0' took 22555.90 ms  (compiled)
Module _primitive_narrowphase__locals__primitive_narrowphase_6226d782 6226d78 load on device 'cuda:0' took 3920.79 ms  (compiled)
Module mujoco_warp._src.constraint 8d4d513 load on device 'cuda:0' took 2.67 ms  (cached)
Module _equality_joint__locals__kernel_39b3faa5 39b3faa load on device 'cuda:0' took 337.69 ms  (compiled)
Module _friction_dof__locals__kernel_05080030 0508003 load on device 'cuda:0' took 2.67 ms  (cached)
Module _limit_slide_hinge__locals__kernel_e9026965 e902696 load on device 'cuda:0' took 2.92 ms  (cached)
Module _efc_contact_init__locals__kernel_47e49602 47e4960 load on device 'cuda:0' took 2.52 ms  (cached)
Module _efc_contact_jac_sparse__locals__kernel_f32c37f4 f32c37f load on device 'cuda:0' took 1.17 ms  (cached)
Module _efc_contact_update__locals__kernel_212e1c0a 212e1c0 load on device 'cuda:0' took 1.47 ms  (cached)
Module mujoco_warp._src.forward 4b55789 load on device 'cuda:0' took 3.45 ms  (cached)
Module mujoco_warp._src.passive 80f3681 load on device 'cuda:0' took 3.15 ms  (cached)
Module mujoco_warp._src.forward a1745d1 load on device 'cuda:0' took 1.46 ms  (cached)
Module _qfrc_smooth__locals__kernel_8b823980 8b82398 load on device 'cuda:0' took 0.57 ms  (cached)
Module mujoco_warp._src.support a59a7bc load on device 'cuda:0' took 1.08 ms  (cached)
Module _tile_cholesky_factorize_solve_block__locals__kernel_379cda95 6fb4a35 load on device 'cuda:0' took 4140.30 ms  (compiled)
Module _solve_init_dof__locals__kernel_f4ab7de9 f4ab7de load on device 'cuda:0' took 2.89 ms  (cached)
Module mujoco_warp._src.solver 357f443 load on device 'cuda:0' took 0.72 ms  (cached)
Module _solve_init_jaref_kernel__locals__kernel_5bd346bd 5bd346b load on device 'cuda:0' took 175.40 ms  (compiled)
Module mul_m_kernel__locals___mul_m_f3de1cc7 f3de1cc load on device 'cuda:0' took 1.91 ms  (cached)
Module _update_constraint_efc__locals__kernel_0539aa50 0539aa5 load on device 'cuda:0' took 3.73 ms  (cached)
Module _update_constraint_init_qfrc_constraint_sparse__locals__kernel_801f2ee2 801f2ee load on device 'cuda:0' took 1.80 ms  (cached)
Module _update_gradient_zero_grad_dot__locals__kernel_b20934d7 b20934d load on device 'cuda:0' took 1.76 ms  (cached)
Module _update_gradient_grad__locals__kernel_c876081d c876081 load on device 'cuda:0' took 1.85 ms  (cached)
Module _update_gradient_init_h_sparse__locals__kernel_f82bfdd8 f82bfdd load on device 'cuda:0' took 0.77 ms  (cached)
Module _JTDACJ_sparse__locals__kernel_4b7e942f 4b7e942 load on device 'cuda:0' took 2.55 ms  (cached)
Module _JTDACJ_sparse__locals__kernel_83aa5da4 f7db33d load on device 'cuda:0' took 760.39 ms  (compiled)
Module _update_gradient_cholesky__locals__kernel_6c06c3f2 efb5dd3 load on device 'cuda:0' took 6748.19 ms  (compiled)
Module _linesearch_jv_fused_kernel__locals__kernel_5189c750 5189c75 load on device 'cuda:0' took 177.92 ms  (compiled)
Module _linesearch_iterative_kernel__locals__kernel_db6dd6cc c407941 load on device 'cuda:0' took 1.64 ms  (cached)
Module _solve_done__locals__kernel_0c4a4b4d 0c4a4b4 load on device 'cuda:0' took 0.50 ms  (cached)
Module mujoco_warp._src.sensor 830d16a load on device 'cuda:0' took 0.82 ms  (cached)
Module mujoco_warp._src.derivative 8222a58 load on device 'cuda:0' took 1.30 ms  (cached)
Module _next_time_builder__locals___next_time_f604e0b3 f604e0b load on device 'cuda:0' took 1.24 ms  (cached)
Module newton._src.sim.articulation cc479e3 load on device 'cuda:0' took 3.60 ms  (cached)
Module newton._src.solvers.coupled.proxy_utils 390346f load on device 'cuda:0' took 1.71 ms  (cached)
Module newton._src.sim.collide f369c1a load on device 'cuda:0' took 2.25 ms  (cached)
Module newton._src.geometry.broad_phase_nxn 65d7728 load on device 'cuda:0' took 2.31 ms  (cached)
Module narrow_phase_primitive_write_contact_False_False_False 6b2fd5c load on device 'cuda:0' took 0.65 ms  (cached)
Module narrow_phase_gjk_mpr_True_False_write_contact_support_map_default b774bd8 load on device 'cuda:0' took 13104.55 ms  (compiled)
Module newton._src.geometry.narrow_phase 3519ebf load on device 'cuda:0' took 3.35 ms  (cached)
Module newton._src.solvers.xpbd.kernels 3a6178a load on device 'cuda:0' took 8951.11 ms  (compiled)
Module robosimstudio.core.readback 4427528 load on device 'cuda:0' took 3.84 ms  (cached)
╭────── viser (listening *:8953) ───────╮
│             ╷                         │
│   HTTP      │ http://localhost:8953   │
│   Websocket │ ws://localhost:8953     │
│             ╵                         │
╰───────────────────────────────────────╯
test_01_the_full_sweep_recovers_the_calibration_it_was_shown (tests.test_calibrate_leader_arms.TestTheCalibrationTool.test_01_the_full_sweep_recovers_the_calibration_it_was_shown) ... ok
test_02_the_file_reads_back_through_the_library_at_the_sim_s_home (tests.test_calibrate_leader_arms.TestTheCalibrationTool.test_02_the_file_reads_back_through_the_library_at_the_sim_s_home) ... ok
test_03_zero_only_moves_every_offset_and_keeps_everything_else (tests.test_calibrate_leader_arms.TestTheCalibrationTool.test_03_zero_only_moves_every_offset_and_keeps_everything_else)
The horns slipped by 37 counts: one capture at home puts every zero back. ... ok
test_04_gripper_only_moves_the_endpoints_and_keeps_every_joint (tests.test_calibrate_leader_arms.TestTheCalibrationTool.test_04_gripper_only_moves_the_endpoints_and_keeps_every_joint) ... ok
test_05_a_re_zero_refuses_a_scale_nobody_vouches_for (tests.test_calibrate_leader_arms.TestTheCalibrationTool.test_05_a_re_zero_refuses_a_scale_nobody_vouches_for) ... ok
test_06_a_partial_pass_refuses_an_arm_the_file_does_not_have (tests.test_calibrate_leader_arms.TestTheCalibrationTool.test_06_a_partial_pass_refuses_an_arm_the_file_does_not_have) ... ok
test_07_a_leader_this_robot_has_no_arm_for_is_refused_by_name (tests.test_calibrate_leader_arms.TestTheCalibrationTool.test_07_a_leader_this_robot_has_no_arm_for_is_refused_by_name) ... ok
Viser server running at: http://localhost:8953
Module newton._src.viewer.kernels 110772f load on device 'cuda:0' took 5009.75 ms  (compiled)
(viser) Server stopped
test_every_export_appears_in_the_docs (tests.test_doc_snippets_run.TestNothingInTheNamespaceIsUndiscoverable.test_every_export_appears_in_the_docs) ... skipped "docs/core_api.md is not in this tree; the site's API pages render every export from the table itself"
test_every_named_member_exists (tests.test_doc_snippets_run.TestTheApiTablesAreReal.test_every_named_member_exists) ... ok
test_each_one_runs (tests.test_doc_snippets_run.TestTheOpeningSnippets.test_each_one_runs) ... /tmp/rss-newton-study/RoboSimStudio/robosimstudio/scene/physics/couplers.py:87: DeprecationWarning: particle_self_contact_radius is deprecated; use particle_self_contact_margin (interaction distance) and particle_self_contact_gap (extra detection reach, query radius = margin + gap) instead. With radius set, particle_self_contact_margin keeps its legacy meaning (detection query radius).
  lambda view, spec=island.backend, particles=bool(island.particles.size): build_solver(
linesearch iterations limit reached - please increase ls_iterations to 20
/tmp/rss-newton-study/RoboSimStudio/robosimstudio/scene/physics/compose.py:634: DeprecationWarning: The soft_contact_margin parameter of CollisionPipeline is deprecated; use soft_contact_gap (same value: detection-only distance added to the particle radius).
  collision = newton.CollisionPipeline(model, **kwargs)
ok
test_each_page_has_one (tests.test_doc_snippets_run.TestTheOpeningSnippets.test_each_page_has_one) ... ok
test_none_of_them_composes_a_scene_the_composer_warns_about (tests.test_doc_snippets_run.TestTheOpeningSnippets.test_none_of_them_composes_a_scene_the_composer_warns_about)
The failure that made this file. A snippet may not demonstrate a ... ok
test_the_comment_is_where_the_cube_actually_lands (tests.test_doc_snippets_run.TestThePrintedNumbersAreTheRealOnes.test_the_comment_is_where_the_cube_actually_lands) ... ok
test_a_cloth_example_builds_and_steps_with_no_soft (tests.test_examples.TestEachKindsFolderStandsAlone.test_a_cloth_example_builds_and_steps_with_no_soft) ... ok
test_a_soft_example_builds_and_steps_with_no_cloth (tests.test_examples.TestEachKindsFolderStandsAlone.test_a_soft_example_builds_and_steps_with_no_cloth) ... ok
test_the_thin_doors_share_too (tests.test_examples.TestTheDoorsDifferOnPurpose.test_the_thin_doors_share_too)
A remote box is a remote box whichever page you opened. ... ok
test_view_draws_every_step_and_a_bare_config_does_not (tests.test_examples.TestTheDoorsDifferOnPurpose.test_view_draws_every_step_and_a_bare_config_does_not)
The third split default, and the one with a number behind it. ... ok
test_view_shares_and_a_bare_config_does_not (tests.test_examples.TestTheDoorsDifferOnPurpose.test_view_shares_and_a_bare_config_does_not) ... ok
test_cloth_stages_the_coupling_a_pinch_needs (tests.test_examples.TestTheExamplesRun.test_cloth_stages_the_coupling_a_pinch_needs)
``GENERIC``'s proxy coupling can push a sheet and not pinch one, so a ... /tmp/rss-newton-study/RoboSimStudio/robosimstudio/scene/physics/couplers.py:313: DeprecationWarning: particle_self_contact_radius is deprecated; use particle_self_contact_margin (interaction distance) and particle_self_contact_gap (extra detection reach, query radius = margin + gap) instead. With radius set, particle_self_contact_margin keeps its legacy meaning (detection query radius).
  soft_solver = build_solver(soft_spec, ctx.model, has_particles=bool(deformable.particles.size))
/tmp/rss-newton-study/RoboSimStudio/robosimstudio/scene/physics/couplers.py:321: DeprecationWarning: The soft_contact_margin parameter of CollisionPipeline is deprecated; use soft_contact_gap (same value: detection-only distance added to the particle radius).
  pipeline = newton.CollisionPipeline(ctx.model, **kwargs)
linesearch iterations limit reached - please increase ls_iterations to 20
linesearch iterations limit reached - please increase ls_iterations to 20
ok
test_each_one_builds_a_scene_and_opens_the_studio_on_it (tests.test_examples.TestTheExamplesRun.test_each_one_builds_a_scene_and_opens_the_studio_on_it) ... linesearch iterations limit reached - please increase ls_iterations to 20
linesearch iterations limit reached - please increase ls_iterations to 20
linesearch iterations limit reached - please increase ls_iterations to 20
linesearch iterations limit reached - please increase ls_iterations to 20
/tmp/rss-newton-study/RoboSimStudio/.venv/lib/python3.12/site-packages/newton/_src/utils/mesh.py:415: UserWarning: Detected non-manifold edge
  self.edge_indices, self.edge_tri_indices, self.tri_edge_indices = self._compute_edge_adjacency(tri_indices)
linesearch iterations limit reached - please increase ls_iterations to 20
linesearch iterations limit reached - please increase ls_iterations to 20
ok
test_each_one_builds_the_thing_it_is_about (tests.test_examples.TestTheExamplesRun.test_each_one_builds_the_thing_it_is_about)
The assertion a "did the page render" test cannot make. ... linesearch iterations limit reached - please increase ls_iterations to 20
linesearch iterations limit reached - please increase ls_iterations to 20
linesearch iterations limit reached - please increase ls_iterations to 20
linesearch iterations limit reached - please increase ls_iterations to 20
linesearch iterations limit reached - please increase ls_iterations to 20
linesearch iterations limit reached - please increase ls_iterations to 20
ok
test_each_one_ships_a_robot_you_can_drive (tests.test_examples.TestTheExamplesRun.test_each_one_ships_a_robot_you_can_drive)
Two arms, so half of what there is to do with a rope or a towel is there. ... linesearch iterations limit reached - please increase ls_iterations to 20
linesearch iterations limit reached - please increase ls_iterations to 20
linesearch iterations limit reached - please increase ls_iterations to 20
linesearch iterations limit reached - please increase ls_iterations to 20
linesearch iterations limit reached - please increase ls_iterations to 20
ok
test_the_engines_example_changes_one_entry_and_nothing_else (tests.test_examples.TestTheExamplesRun.test_the_engines_example_changes_one_entry_and_nothing_else)
``02_engines`` is about one string: on its default the sheet is on ... linesearch iterations limit reached - please increase ls_iterations to 20
linesearch iterations limit reached - please increase ls_iterations to 20
ok
test_the_tet_mesh_keeps_the_soft_body_on_newton (tests.test_examples.TestTheExamplesRun.test_the_tet_mesh_keeps_the_soft_body_on_newton)
So that an example about *geometry* needs no extra: no entry routes ... linesearch iterations limit reached - please increase ls_iterations to 20
ok
test_each_demo_stages_its_engine_for_the_domain_it_is_about (tests.test_examples.TestTheMultiEngineDemos.test_each_demo_stages_its_engine_for_the_domain_it_is_about)
Static, so it holds whichever wheels are present: the arrangement is data. ... ok
test_the_genesis_cloth_refuses_by_name_without_its_wheel (tests.test_examples.TestTheMultiEngineDemos.test_the_genesis_cloth_refuses_by_name_without_its_wheel)
Genesis's acceptance scene, on a venv that deliberately lacks the engine. ... /tmp/rss-newton-study/RoboSimStudio/robosimstudio/scene/physics/compose.py:653: MaterialLossWarning: 'towel': genesis's shell builder does not read ['friction', 'particle_radius', 'self_contact'] of the parameters its actor states (it reads ['areal_density', 'poisson', 'thickness', 'young']), so those have no effect on this engine.
  recipe = _host_recipe(island, host_channels, graph, model, arrangement, worlds=worlds)
ok
test_the_sponge_is_a_soft_body_on_the_foreign_engine (tests.test_examples.TestTheMultiEngineDemos.test_the_sponge_is_a_soft_body_on_the_foreign_engine)
SuperDex's acceptance scene: it builds, it steps, and the foam is particles. ... skipped '[superdex] is not installed; the engine cannot be reached'
test_every_example_offers_a_handle_on_the_robot (tests.test_examples.TestThePageCanTakeHoldOfIt.test_every_example_offers_a_handle_on_the_robot) ... linesearch iterations limit reached - please increase ls_iterations to 20
Module create_eval_articulation_fk_tile__locals__eval_articulation_fk_tile_e991bdf3 ab4024e load on device 'cuda:0' took 0.77 ms  (cached)
Module _tile_cholesky_factorize_block__locals__kernel_f101fbbf 16ecce9 load on device 'cuda:0' took 27.79 ms  (cached)
Module _tile_cholesky_solve_block__locals__kernel_818a5faf 2f1cc99 load on device 'cuda:0' took 23.52 ms  (cached)
Module ccd_kernel_builder__locals__ccd_kernel_07b2db0f 07b2db0 load on device 'cuda:0' took 2.48 ms  (cached)
Module ccd_kernel_builder__locals__ccd_kernel_07b2db0f cd94f12 load on device 'cuda:0' took 4.28 ms  (cached)
Module ccd_kernel_builder__locals__ccd_kernel_59ac9596 59ac959 load on device 'cuda:0' took 0.87 ms  (cached)
Module ccd_kernel_builder__locals__ccd_kernel_59ac9596 b8de183 load on device 'cuda:0' took 0.93 ms  (cached)
Module _primitive_narrowphase__locals__primitive_narrowphase_2c1917c5 2c1917c load on device 'cuda:0' took 5243.00 ms  (compiled)
Module _tile_cholesky_factorize_solve_block__locals__kernel_5c841c33 59ea685 load on device 'cuda:0' took 43.05 ms  (cached)
Module _solve_init_jaref_kernel__locals__kernel_0c5faafc 0c5faaf load on device 'cuda:0' took 1.54 ms  (cached)
Module _JTDACJ_sparse__locals__kernel_9171acf5 6d21c76 load on device 'cuda:0' took 3.27 ms  (cached)
Module _update_gradient_cholesky__locals__kernel_e4b47356 613d3bb load on device 'cuda:0' took 47.99 ms  (cached)
Module _linesearch_jv_fused_kernel__locals__kernel_3c9de562 3c9de56 load on device 'cuda:0' took 3.93 ms  (cached)
Module narrow_phase_gjk_mpr_True_False_write_contact_support_map_lean_post_process_minkowski_only cb99c90 load on device 'cuda:0' took 3.39 ms  (cached)
[6.00000024e-01 6.96517873e-07 7.74531186e-01]
Module newton._src.utils.mesh 92b663b load on device 'cpu' took 0.47 ms  (cached)
Module newton._src.geometry.kernels d546c9d load on device 'cuda:0' took 4.22 ms  (cached)
Module newton._src.geometry.kernels 30923ae load on device 'cuda:0' took 3.22 ms  (cached)
Module newton._src.solvers.vbd.particle_vbd_kernels 6a3ffcd load on device 'cuda:0' took 1.14 ms  (cached)
Module newton._src.solvers.vbd.particle_vbd_kernels fa8d30f load on device 'cuda:0' took 5.79 ms  (cached)
Module _copy_reset_view_rows_kernel_b1388c9e 781ebe2 load on device 'cuda:0' took 0.71 ms  (cached)
Module _zero_reset_view_rows_kernel_9c2de979 4bb6fd7 load on device 'cuda:0' took 0.62 ms  (cached)
physics: proxy over 2 island(s)
  island mujoco: mujoco x1 -> ['embodiment'] (16 bodies, 16 joints, 0 particles, derived shapes)
  island vbd: vbd x1 -> ['cube', 'towel'] (1 bodies, 1 joints, 961 particles, 3 shapes)
  channel mujoco -> vbd: 16 bodies (two_way, 14 pairs) from ['embodiment']
Module create_eval_articulation_fk_tile__locals__eval_articulation_fk_tile_b34ba77f ef8e4d4 load on device 'cuda:0' took 0.88 ms  (cached)
[6.00000024e-01 6.96517873e-07 7.74531186e-01]
(0.6, 0.0, 0.0) 0.75
Module newton._src.geometry.soft_contacts_sdf 4aa1095 load on device 'cuda:0' took 1.47 ms  (cached)
physics: proxy over 2 island(s)
  island mujoco: mujoco x1 -> ['embodiment'] (16 bodies, 16 joints, 0 particles, derived shapes)
  island vbd: vbd x1 -> ['towel'] (0 bodies, 0 joints, 441 particles, 6 shapes)
  channel mujoco -> vbd: 6 bodies (two_way, 0 pairs) from ['embodiment']
[arm_ik] model has 184 joint coords (LM cholesky tile overflows shared memory); cartesian tracking runs the FD solver instead
[arm_ik] model has 184 joint coords (LM cholesky tile overflows shared memory); cartesian tracking runs the FD solver instead
Module _rss_example_04_extending_01_new_kind db1d177 load on device 'cuda:0' took 139.48 ms  (compiled)
physics: proxy over 2 island(s)
  island mujoco: mujoco x1 -> ['embodiment'] (16 bodies, 16 joints, 0 particles, derived shapes)
  island vbd: vbd x1 -> ['towel'] (0 bodies, 0 joints, 441 particles, 6 shapes)
  channel mujoco -> vbd: 6 bodies (two_way, 0 pairs) from ['embodiment']
[arm_ik] model has 184 joint coords (LM cholesky tile overflows shared memory); cartesian tracking runs the FD solver instead
[arm_ik] model has 184 joint coords (LM cholesky tile overflows shared memory); cartesian tracking runs the FD solver instead
physics: proxy over 2 island(s)
  island mujoco: mujoco x1 -> ['embodiment'] (16 bodies, 16 joints, 0 particles, derived shapes)
  island vbd: vbd x1 -> ['towel'] (0 bodies, 0 joints, 441 particles, 6 shapes)
  channel mujoco -> vbd: 6 bodies (two_way, 0 pairs) from ['embodiment']
[arm_ik] model has 184 joint coords (LM cholesky tile overflows shared memory); cartesian tracking runs the FD solver instead
[arm_ik] model has 184 joint coords (LM cholesky tile overflows shared memory); cartesian tracking runs the FD solver instead
physics: proxy over 2 island(s)
  island mujoco: mujoco x1 -> ['embodiment'] (16 bodies, 16 joints, 0 particles, derived shapes)
  island vbd: vbd x1 -> ['towel'] (0 bodies, 0 joints, 441 particles, 6 shapes)
  channel mujoco -> vbd: 6 bodies (two_way, 0 pairs) from ['embodiment']
╭────── viser (listening *:8982) ───────╮
│             ╷                         │
│   HTTP      │ http://localhost:8982   │
│   Websocket │ ws://localhost:8982     │
│             ╵                         │
╰───────────────────────────────────────╯
/tmp/rss-newton-study/RoboSimStudio/robosimstudio_studio/session.py:1146: DeprecationWarning: `control_layout` is deprecated; use `main_panel` placement instead, e.g. `server.gui.main_panel.dock_right()`. Both "collapsible" and "fixed" now dock the control panel to the right edge.
  gui.configure_theme(control_layout="collapsible", dark_mode=self.config.dark_mode)
linesearch iterations limit reached - please increase ls_iterations to 20
Viser server running at: http://localhost:8982
Module newton._src.sim.ik.ik_objectives f7f3e7f load on device 'cuda:0' took 1.57 ms  (cached)
Module newton._src.sim.ik.ik_solver 139b35a load on device 'cuda:0' took 1.91 ms  (cached)
Module IKOptimizerLM___build_specialized__locals___fk_local_9430eeda 9430eed load on device 'cuda:0' took 3.03 ms  (cached)
Module newton._src.sim.ik.ik_common a13628c load on device 'cuda:0' took 1.23 ms  (cached)
Module IKOptimizerLM___build_specialized__locals___compute_motion_subspace_2d_f73d68e9 f73d68e load on device 'cuda:0' took 2.59 ms  (cached)
Module newton._src.sim.ik.ik_lm_optimizer f057fb7 load on device 'cuda:0' took 1.23 ms  (cached)
Module _lm_solve_tiled_34_40_2b8e95ca 5161bb8 load on device 'cuda:0' took 78580.26 ms  (compiled)
Module robosimstudio.solvers.ik.arm_ik b218b06 load on device 'cuda:0' took 3.80 ms  (cached)
Module robosimstudio.solvers.motion.gripper 52c8414 load on device 'cuda:0' took 0.74 ms  (cached)
Module robosimstudio.core.draggers d6be4d5 load on device 'cuda:0' took 2.33 ms  (cached)
╭────── viser (listening *:8983) ───────╮
│             ╷                         │
│   HTTP      │ http://localhost:8983   │
│   Websocket │ ws://localhost:8983     │
│             ╵                         │
╰───────────────────────────────────────╯
linesearch iterations limit reached - please increase ls_iterations to 20
linesearch iterations limit reached - please increase ls_iterations to 20
Viser server running at: http://localhost:8983
Module _lm_solve_tiled_16_22_eaff4af2 b6e7722 load on device 'cuda:0' took 81504.77 ms  (compiled)
physics: proxy over 2 island(s)
  island mujoco: mujoco x1 -> ['embodiment'] (16 bodies, 16 joints, 0 particles, derived shapes)
  island vbd: vbd x1 -> ['towel'] (0 bodies, 0 joints, 441 particles, 6 shapes)
  channel mujoco -> vbd: 6 bodies (two_way, 0 pairs) from ['embodiment']
╭────── viser (listening *:8984) ───────╮
│             ╷                         │
│   HTTP      │ http://localhost:8984   │
│   Websocket │ ws://localhost:8984     │
│             ╵                         │
╰───────────────────────────────────────╯
linesearch iterations limit reached - please increase ls_iterations to 20
Viser server running at: http://localhost:8984
╭────── viser (listening *:8985) ───────╮
│             ╷                         │
│   HTTP      │ http://localhost:8985   │
│   Websocket │ ws://localhost:8985     │
│             ╵                         │
╰───────────────────────────────────────╯
Viser server running at: http://localhost:8985
[arm_ik] model has 184 joint coords (LM cholesky tile overflows shared memory); cartesian tracking runs the FD solver instead
[arm_ik] model has 184 joint coords (LM cholesky tile overflows shared memory); cartesian tracking runs the FD solver instead
╭────── viser (listening *:8986) ───────╮
│             ╷                         │
│   HTTP      │ http://localhost:8986   │
│   Websocket │ ws://localhost:8986     │
│             ╵                         │
╰───────────────────────────────────────╯
ok
test_every_example_offers_a_handle_on_what_it_is_about (tests.test_examples.TestThePageCanTakeHoldOfIt.test_every_example_offers_a_handle_on_what_it_is_about) ... linesearch iterations limit reached - please increase ls_iterations to 20
Viser server running at: http://localhost:8986
╭────── viser (listening *:8987) ───────╮
│             ╷                         │
│   HTTP      │ http://localhost:8987   │
│   Websocket │ ws://localhost:8987     │
│             ╵                         │
╰───────────────────────────────────────╯
linesearch iterations limit reached - please increase ls_iterations to 20
Viser server running at: http://localhost:8987
[arm_ik] model has 184 joint coords (LM cholesky tile overflows shared memory); cartesian tracking runs the FD solver instead
[arm_ik] model has 184 joint coords (LM cholesky tile overflows shared memory); cartesian tracking runs the FD solver instead
╭────── viser (listening *:8988) ───────╮
│             ╷                         │
│   HTTP      │ http://localhost:8988   │
│   Websocket │ ws://localhost:8988     │
│             ╵                         │
╰───────────────────────────────────────╯
ok
test_the_deformable_pages_offer_a_grip_on_what_they_are_about (tests.test_examples.TestThePageCanTakeHoldOfIt.test_the_deformable_pages_offer_a_grip_on_what_they_are_about) ... linesearch iterations limit reached - please increase ls_iterations to 20
Viser server running at: http://localhost:8988
╭────── viser (listening *:8989) ───────╮
│             ╷                         │
│   HTTP      │ http://localhost:8989   │
│   Websocket │ ws://localhost:8989     │
│             ╵                         │
╰───────────────────────────────────────╯
linesearch iterations limit reached - please increase ls_iterations to 20
Viser server running at: http://localhost:8989
physics: proxy over 2 island(s)
  island mujoco: mujoco x1 -> ['embodiment'] (16 bodies, 16 joints, 0 particles, derived shapes)
  island vbd: vbd x1 -> ['towel'] (0 bodies, 0 joints, 441 particles, 6 shapes)
  channel mujoco -> vbd: 6 bodies (two_way, 0 pairs) from ['embodiment']
╭────── viser (listening *:8990) ───────╮
│             ╷                         │
│   HTTP      │ http://localhost:8990   │
│   Websocket │ ws://localhost:8990     │
│             ╵                         │
╰───────────────────────────────────────╯
linesearch iterations limit reached - please increase ls_iterations to 20
Viser server running at: http://localhost:8990
╭────── viser (listening *:8991) ───────╮
│             ╷                         │
│   HTTP      │ http://localhost:8991   │
│   Websocket │ ws://localhost:8991     │
│             ╵                         │
╰───────────────────────────────────────╯
ok
test_the_new_kind_hands_view_a_page_hook_that_works (tests.test_examples.TestTheScriptSeam.test_the_new_kind_hands_view_a_page_hook_that_works) ... linesearch iterations limit reached - please increase ls_iterations to 20
linesearch iterations limit reached - please increase ls_iterations to 20
ok
test_each_docstring_is_the_page_it_becomes (tests.test_examples.TestTheShape.test_each_docstring_is_the_page_it_becomes)
Title, blank line, one sentence, at most one paragraph, then the API. ... ok
test_each_numbered_script_ends_by_opening_the_studio (tests.test_examples.TestTheShape.test_each_numbered_script_ends_by_opening_the_studio)
``import robosimstudio as rss`` at the top, ``rss.view(...)`` as the last ... ok
test_each_numbered_script_is_short (tests.test_examples.TestTheShape.test_each_numbered_script_is_short) ... ok
test_every_numbered_script_has_a_title_the_docs_can_use (tests.test_examples.TestTheShape.test_every_numbered_script_has_a_title_the_docs_can_use)
The rule that holds for a script this module does not run -- one that ... ok
test_no_numbered_script_is_a_pack (tests.test_examples.TestTheShape.test_no_numbered_script_is_a_pack)
A kind's folder is on ``robosimstudio.domains``'s path, and what keeps ... ok
test_no_scene_script_parses_a_command_line (tests.test_examples.TestTheShape.test_no_scene_script_parses_a_command_line)
The shape is pyroki's: a parameter is a local in ``main()``, not a flag. ... ok
test_no_scene_script_writes_its_own_loop (tests.test_examples.TestTheShape.test_no_scene_script_writes_its_own_loop)
What the rewrite was for. Every one of these used to open a bare ... ok
test_the_contributed_kernel_is_in_the_schedule (tests.test_extension_surface.TestAnUnknownKindOfThingComposes.test_the_contributed_kernel_is_in_the_schedule) ... ok
test_the_declared_contacts_became_edges (tests.test_extension_surface.TestAnUnknownKindOfThingComposes.test_the_declared_contacts_became_edges)
A domain registered by content used to touch **nothing** by default ... ok
test_the_dotted_path_solver_was_resolved (tests.test_extension_surface.TestAnUnknownKindOfThingComposes.test_the_dotted_path_solver_was_resolved) ... ok
test_the_gravel_settled (tests.test_extension_surface.TestAnUnknownKindOfThingComposes.test_the_gravel_settled)
The damping kernel ran on the device, so the stones are on the bench ... ok
test_the_scene_stepped (tests.test_extension_surface.TestAnUnknownKindOfThingComposes.test_the_scene_stepped) ... ok
test_the_unknown_domain_owns_its_bodies (tests.test_extension_surface.TestAnUnknownKindOfThingComposes.test_the_unknown_domain_owns_its_bodies)
Not "it built". The interaction graph has to have *given* it its ... ok
test_this_files_coupler_was_the_one_that_built (tests.test_extension_surface.TestAnUnknownKindOfThingComposes.test_this_files_coupler_was_the_one_that_built) ... ok
test_it_is_a_shell_actor_and_drapes_onto_the_bench (tests.test_genesis.TestClothOnGenesis.test_it_is_a_shell_actor_and_drapes_onto_the_bench) ... skipped 'the [genesis] extra is not installed'
test_the_ground_plane_did_not_stop_the_scene_building (tests.test_genesis.TestClothOnGenesis.test_the_ground_plane_did_not_stop_the_scene_building)
A Plane and any non-plane rigid cannot coexist in an IPC scene --- ... skipped 'the [genesis] extra is not installed'
test_feedback_is_live_for_a_two_way_mirror (tests.test_genesis.TestTheReactionIsTheClothsWeight.test_feedback_is_live_for_a_two_way_mirror) ... skipped 'the [genesis] extra is not installed'
test_the_plate_feels_exactly_the_cloth (tests.test_genesis.TestTheReactionIsTheClothsWeight.test_the_plate_feels_exactly_the_cloth) ... skipped 'the [genesis] extra is not installed'
test_the_shaping_does_not_clip_a_physical_load (tests.test_genesis.TestTheReactionIsTheClothsWeight.test_the_shaping_does_not_clip_a_physical_load)
The Delta-v cap exists for the transient, not for a resting load --- ... skipped 'the [genesis] extra is not installed'
test_fewer_than_two_nodes_is_refused (tests.test_geometry_import.TestAPolylineCable.test_fewer_than_two_nodes_is_refused) ... skipped 'the rod pack (robosimstudio.domains.rod) is not in this checkout'
test_newton_builds_the_arc_as_stated (tests.test_geometry_import.TestAPolylineCable.test_newton_builds_the_arc_as_stated) ... skipped 'the rod pack (robosimstudio.domains.rod) is not in this checkout'
test_superdex_builds_the_same_arc (tests.test_geometry_import.TestAPolylineCable.test_superdex_builds_the_same_arc) ... skipped 'the rod pack (robosimstudio.domains.rod) is not in this checkout'
test_the_echo_fields_follow_the_polyline (tests.test_geometry_import.TestAPolylineCable.test_the_echo_fields_follow_the_polyline) ... skipped 'the rod pack (robosimstudio.domains.rod) is not in this checkout'
test_a_file_with_no_tetrahedra_is_refused_by_name (tests.test_geometry_import.TestATetMeshFromAFile.test_a_file_with_no_tetrahedra_is_refused_by_name) ... ok
test_a_meshio_format_builds_the_same (tests.test_geometry_import.TestATetMeshFromAFile.test_a_meshio_format_builds_the_same) ... skipped 'needs meshio'
test_an_npz_builds_its_own_tets (tests.test_geometry_import.TestATetMeshFromAFile.test_an_npz_builds_its_own_tets) ... skipped 'needs the [superdex] extra'
test_superdex_serves_the_file_body (tests.test_geometry_import.TestATetMeshFromAFile.test_superdex_serves_the_file_body) ... skipped 'needs the [superdex] extra'
test_a_kind_nobody_taught_is_refused_naming_what_is_built (tests.test_geometry_import.TestAnEngineCanBeTaughtAKind.test_a_kind_nobody_taught_is_refused_naming_what_is_built) ... ok
test_a_third_party_can_teach_one (tests.test_geometry_import.TestAnEngineCanBeTaughtAKind.test_a_third_party_can_teach_one) ... ok
linesearch iterations limit reached - please increase ls_iterations to 20
linesearch iterations limit reached - please increase ls_iterations to 20
linesearch iterations limit reached - please increase ls_iterations to 20
linesearch iterations limit reached - please increase ls_iterations to 20
linesearch iterations limit reached - please increase ls_iterations to 20
linesearch iterations limit reached - please increase ls_iterations to 20
linesearch iterations limit reached - please increase ls_iterations to 20
linesearch iterations limit reached - please increase ls_iterations to 20
linesearch iterations limit reached - please increase ls_iterations to 20
linesearch iterations limit reached - please increase ls_iterations to 20
linesearch iterations limit reached - please increase ls_iterations to 20
linesearch iterations limit reached - please increase ls_iterations to 20
linesearch iterations limit reached - please increase ls_iterations to 20
linesearch iterations limit reached - please increase ls_iterations to 20
linesearch iterations limit reached - please increase ls_iterations to 20
linesearch iterations limit reached - please increase ls_iterations to 20
linesearch iterations limit reached - please increase ls_iterations to 20
test_opening_the_jaw_lets_go (tests.test_leader_feedback_loop.TestAJawShutOnSomethingSolidStallsAndAJawShutOnAirDoesNot.test_opening_the_jaw_lets_go) ... ok
test_the_arm_joints_of_the_gripping_hand_stay_dark (tests.test_leader_feedback_loop.TestAJawShutOnSomethingSolidStallsAndAJawShutOnAirDoesNot.test_the_arm_joints_of_the_gripping_hand_stay_dark) ... ok
test_the_goal_opens_the_leader_s_jaw_part_way_and_stays_inside_its_stroke (tests.test_leader_feedback_loop.TestAJawShutOnSomethingSolidStallsAndAJawShutOnAirDoesNot.test_the_goal_opens_the_leader_s_jaw_part_way_and_stays_inside_its_stroke) ... ok
test_the_jaw_on_air_reaches_full_travel_and_no_motor_is_ever_enabled (tests.test_leader_feedback_loop.TestAJawShutOnSomethingSolidStallsAndAJawShutOnAirDoesNot.test_the_jaw_on_air_reaches_full_travel_and_no_motor_is_ever_enabled) ... ok
test_the_jaw_on_the_bar_stalls_at_the_bar_s_width (tests.test_leader_feedback_loop.TestAJawShutOnSomethingSolidStallsAndAJawShutOnAirDoesNot.test_the_jaw_on_the_bar_stalls_at_the_bar_s_width) ... ok
test_the_stall_is_rendered_as_a_pull_back_open (tests.test_leader_feedback_loop.TestAJawShutOnSomethingSolidStallsAndAJawShutOnAirDoesNot.test_the_stall_is_rendered_as_a_pull_back_open) ... ok
linesearch iterations limit reached - please increase ls_iterations to 20
linesearch iterations limit reached - please increase ls_iterations to 20
linesearch iterations limit reached - please increase ls_iterations to 20
linesearch iterations limit reached - please increase ls_iterations to 20
linesearch iterations limit reached - please increase ls_iterations to 20
linesearch iterations limit reached - please increase ls_iterations to 20
linesearch iterations limit reached - please increase ls_iterations to 20
linesearch iterations limit reached - please increase ls_iterations to 20
linesearch iterations limit reached - please increase ls_iterations to 20
linesearch iterations limit reached - please increase ls_iterations to 20
linesearch iterations limit reached - please increase ls_iterations to 20
linesearch iterations limit reached - please increase ls_iterations to 20
linesearch iterations limit reached - please increase ls_iterations to 20
linesearch iterations limit reached - please increase ls_iterations to 20
linesearch iterations limit reached - please increase ls_iterations to 20
linesearch iterations limit reached - please increase ls_iterations to 20
linesearch iterations limit reached - please increase ls_iterations to 20
linesearch iterations limit reached - please increase ls_iterations to 20
linesearch iterations limit reached - please increase ls_iterations to 20
linesearch iterations limit reached - please increase ls_iterations to 20
linesearch iterations limit reached - please increase ls_iterations to 20
linesearch iterations limit reached - please increase ls_iterations to 20
linesearch iterations limit reached - please increase ls_iterations to 20
linesearch iterations limit reached - please increase ls_iterations to 20
linesearch iterations limit reached - please increase ls_iterations to 20
linesearch iterations limit reached - please increase ls_iterations to 20
linesearch iterations limit reached - please increase ls_iterations to 20
linesearch iterations limit reached - please increase ls_iterations to 20
linesearch iterations limit reached - please increase ls_iterations to 20
linesearch iterations limit reached - please increase ls_iterations to 20
linesearch iterations limit reached - please increase ls_iterations to 20
linesearch iterations limit reached - please increase ls_iterations to 20
linesearch iterations limit reached - please increase ls_iterations to 20
linesearch iterations limit reached - please increase ls_iterations to 20
linesearch iterations limit reached - please increase ls_iterations to 20
linesearch iterations limit reached - please increase ls_iterations to 20
linesearch iterations limit reached - please increase ls_iterations to 20
linesearch iterations limit reached - please increase ls_iterations to 20
linesearch iterations limit reached - please increase ls_iterations to 20
linesearch iterations limit reached - please increase ls_iterations to 20
linesearch iterations limit reached - please increase ls_iterations to 20
linesearch iterations limit reached - please increase ls_iterations to 20
linesearch iterations limit reached - please increase ls_iterations to 20
linesearch iterations limit reached - please increase ls_iterations to 20
linesearch iterations limit reached - please increase ls_iterations to 20
linesearch iterations limit reached - please increase ls_iterations to 20
linesearch iterations limit reached - please increase ls_iterations to 20
linesearch iterations limit reached - please increase ls_iterations to 20
linesearch iterations limit reached - please increase ls_iterations to 20
linesearch iterations limit reached - please increase ls_iterations to 20
linesearch iterations limit reached - please increase ls_iterations to 20
linesearch iterations limit reached - please increase ls_iterations to 20
linesearch iterations limit reached - please increase ls_iterations to 20
linesearch iterations limit reached - please increase ls_iterations to 20
linesearch iterations limit reached - please increase ls_iterations to 20
linesearch iterations limit reached - please increase ls_iterations to 20
linesearch iterations limit reached - please increase ls_iterations to 20
linesearch iterations limit reached - please increase ls_iterations to 20
linesearch iterations limit reached - please increase ls_iterations to 20
linesearch iterations limit reached - please increase ls_iterations to 20
linesearch iterations limit reached - please increase ls_iterations to 20
linesearch iterations limit reached - please increase ls_iterations to 20
linesearch iterations limit reached - please increase ls_iterations to 20
linesearch iterations limit reached - please increase ls_iterations to 20
linesearch iterations limit reached - please increase ls_iterations to 20
linesearch iterations limit reached - please increase ls_iterations to 20
linesearch iterations limit reached - please increase ls_iterations to 20
linesearch iterations limit reached - please increase ls_iterations to 20
linesearch iterations limit reached - please increase ls_iterations to 20
linesearch iterations limit reached - please increase ls_iterations to 20
linesearch iterations limit reached - please increase ls_iterations to 20
linesearch iterations limit reached - please increase ls_iterations to 20
linesearch iterations limit reached - please increase ls_iterations to 20
linesearch iterations limit reached - please increase ls_iterations to 20
linesearch iterations limit reached - please increase ls_iterations to 20
linesearch iterations limit reached - please increase ls_iterations to 20
linesearch iterations limit reached - please increase ls_iterations to 20
linesearch iterations limit reached - please increase ls_iterations to 20
linesearch iterations limit reached - please increase ls_iterations to 20
linesearch iterations limit reached - please increase ls_iterations to 20
linesearch iterations limit reached - please increase ls_iterations to 20
linesearch iterations limit reached - please increase ls_iterations to 20
linesearch iterations limit reached - please increase ls_iterations to 20
linesearch iterations limit reached - please increase ls_iterations to 20
linesearch iterations limit reached - please increase ls_iterations to 20
linesearch iterations limit reached - please increase ls_iterations to 20
linesearch iterations limit reached - please increase ls_iterations to 20
linesearch iterations limit reached - please increase ls_iterations to 20
linesearch iterations limit reached - please increase ls_iterations to 20
linesearch iterations limit reached - please increase ls_iterations to 20
linesearch iterations limit reached - please increase ls_iterations to 20
linesearch iterations limit reached - please increase ls_iterations to 20
linesearch iterations limit reached - please increase ls_iterations to 20
linesearch iterations limit reached - please increase ls_iterations to 20
linesearch iterations limit reached - please increase ls_iterations to 20
linesearch iterations limit reached - please increase ls_iterations to 20
linesearch iterations limit reached - please increase ls_iterations to 20
linesearch iterations limit reached - please increase ls_iterations to 20
linesearch iterations limit reached - please increase ls_iterations to 20
linesearch iterations limit reached - please increase ls_iterations to 20
linesearch iterations limit reached - please increase ls_iterations to 20
linesearch iterations limit reached - please increase ls_iterations to 20
linesearch iterations limit reached - please increase ls_iterations to 20
linesearch iterations limit reached - please increase ls_iterations to 20
linesearch iterations limit reached - please increase ls_iterations to 20
linesearch iterations limit reached - please increase ls_iterations to 20
linesearch iterations limit reached - please increase ls_iterations to 20
linesearch iterations limit reached - please increase ls_iterations to 20
linesearch iterations limit reached - please increase ls_iterations to 20
linesearch iterations limit reached - please increase ls_iterations to 20
linesearch iterations limit reached - please increase ls_iterations to 20
linesearch iterations limit reached - please increase ls_iterations to 20
linesearch iterations limit reached - please increase ls_iterations to 20
linesearch iterations limit reached - please increase ls_iterations to 20
linesearch iterations limit reached - please increase ls_iterations to 20
linesearch iterations limit reached - please increase ls_iterations to 20
linesearch iterations limit reached - please increase ls_iterations to 20
linesearch iterations limit reached - please increase ls_iterations to 20
linesearch iterations limit reached - please increase ls_iterations to 20
linesearch iterations limit reached - please increase ls_iterations to 20
linesearch iterations limit reached - please increase ls_iterations to 20
linesearch iterations limit reached - please increase ls_iterations to 20
linesearch iterations limit reached - please increase ls_iterations to 20
linesearch iterations limit reached - please increase ls_iterations to 20
linesearch iterations limit reached - please increase ls_iterations to 20
linesearch iterations limit reached - please increase ls_iterations to 20
linesearch iterations limit reached - please increase ls_iterations to 20
linesearch iterations limit reached - please increase ls_iterations to 20
linesearch iterations limit reached - please increase ls_iterations to 20
linesearch iterations limit reached - please increase ls_iterations to 20
linesearch iterations limit reached - please increase ls_iterations to 20
linesearch iterations limit reached - please increase ls_iterations to 20
linesearch iterations limit reached - please increase ls_iterations to 20
linesearch iterations limit reached - please increase ls_iterations to 20
linesearch iterations limit reached - please increase ls_iterations to 20
linesearch iterations limit reached - please increase ls_iterations to 20
linesearch iterations limit reached - please increase ls_iterations to 20
linesearch iterations limit reached - please increase ls_iterations to 20
linesearch iterations limit reached - please increase ls_iterations to 20
linesearch iterations limit reached - please increase ls_iterations to 20
linesearch iterations limit reached - please increase ls_iterations to 20
linesearch iterations limit reached - please increase ls_iterations to 20
linesearch iterations limit reached - please increase ls_iterations to 20
linesearch iterations limit reached - please increase ls_iterations to 20
linesearch iterations limit reached - please increase ls_iterations to 20
linesearch iterations limit reached - please increase ls_iterations to 20
linesearch iterations limit reached - please increase ls_iterations to 20
linesearch iterations limit reached - please increase ls_iterations to 20
linesearch iterations limit reached - please increase ls_iterations to 20
linesearch iterations limit reached - please increase ls_iterations to 20
linesearch iterations limit reached - please increase ls_iterations to 20
linesearch iterations limit reached - please increase ls_iterations to 20
linesearch iterations limit reached - please increase ls_iterations to 20
linesearch iterations limit reached - please increase ls_iterations to 20
linesearch iterations limit reached - please increase ls_iterations to 20
linesearch iterations limit reached - please increase ls_iterations to 20
linesearch iterations limit reached - please increase ls_iterations to 20
linesearch iterations limit reached - please increase ls_iterations to 20
linesearch iterations limit reached - please increase ls_iterations to 20
linesearch iterations limit reached - please increase ls_iterations to 20
linesearch iterations limit reached - please increase ls_iterations to 20
linesearch iterations limit reached - please increase ls_iterations to 20
linesearch iterations limit reached - please increase ls_iterations to 20
linesearch iterations limit reached - please increase ls_iterations to 20
linesearch iterations limit reached - please increase ls_iterations to 20
linesearch iterations limit reached - please increase ls_iterations to 20
linesearch iterations limit reached - please increase ls_iterations to 20
linesearch iterations limit reached - please increase ls_iterations to 20
linesearch iterations limit reached - please increase ls_iterations to 20
linesearch iterations limit reached - please increase ls_iterations to 20
linesearch iterations limit reached - please increase ls_iterations to 20
linesearch iterations limit reached - please increase ls_iterations to 20
linesearch iterations limit reached - please increase ls_iterations to 20
linesearch iterations limit reached - please increase ls_iterations to 20
linesearch iterations limit reached - please increase ls_iterations to 20
linesearch iterations limit reached - please increase ls_iterations to 20
linesearch iterations limit reached - please increase ls_iterations to 20
linesearch iterations limit reached - please increase ls_iterations to 20
linesearch iterations limit reached - please increase ls_iterations to 20
linesearch iterations limit reached - please increase ls_iterations to 20
linesearch iterations limit reached - please increase ls_iterations to 20
linesearch iterations limit reached - please increase ls_iterations to 20
linesearch iterations limit reached - please increase ls_iterations to 20
linesearch iterations limit reached - please increase ls_iterations to 20
linesearch iterations limit reached - please increase ls_iterations to 20
linesearch iterations limit reached - please increase ls_iterations to 20
linesearch iterations limit reached - please increase ls_iterations to 20
linesearch iterations limit reached - please increase ls_iterations to 20
linesearch iterations limit reached - please increase ls_iterations to 20
linesearch iterations limit reached - please increase ls_iterations to 20
linesearch iterations limit reached - please increase ls_iterations to 20
linesearch iterations limit reached - please increase ls_iterations to 20
linesearch iterations limit reached - please increase ls_iterations to 20
linesearch iterations limit reached - please increase ls_iterations to 20
linesearch iterations limit reached - please increase ls_iterations to 20
linesearch iterations limit reached - please increase ls_iterations to 20
linesearch iterations limit reached - please increase ls_iterations to 20
linesearch iterations limit reached - please increase ls_iterations to 20
linesearch iterations limit reached - please increase ls_iterations to 20
linesearch iterations limit reached - please increase ls_iterations to 20
linesearch iterations limit reached - please increase ls_iterations to 20
linesearch iterations limit reached - please increase ls_iterations to 20
linesearch iterations limit reached - please increase ls_iterations to 20
linesearch iterations limit reached - please increase ls_iterations to 20
linesearch iterations limit reached - please increase ls_iterations to 20
linesearch iterations limit reached - please increase ls_iterations to 20
linesearch iterations limit reached - please increase ls_iterations to 20
linesearch iterations limit reached - please increase ls_iterations to 20
linesearch iterations limit reached - please increase ls_iterations to 20
linesearch iterations limit reached - please increase ls_iterations to 20
linesearch iterations limit reached - please increase ls_iterations to 20
linesearch iterations limit reached - please increase ls_iterations to 20
linesearch iterations limit reached - please increase ls_iterations to 20
linesearch iterations limit reached - please increase ls_iterations to 20
linesearch iterations limit reached - please increase ls_iterations to 20
linesearch iterations limit reached - please increase ls_iterations to 20
linesearch iterations limit reached - please increase ls_iterations to 20
linesearch iterations limit reached - please increase ls_iterations to 20
linesearch iterations limit reached - please increase ls_iterations to 20
linesearch iterations limit reached - please increase ls_iterations to 20
linesearch iterations limit reached - please increase ls_iterations to 20
linesearch iterations limit reached - please increase ls_iterations to 20
linesearch iterations limit reached - please increase ls_iterations to 20
linesearch iterations limit reached - please increase ls_iterations to 20
linesearch iterations limit reached - please increase ls_iterations to 20
linesearch iterations limit reached - please increase ls_iterations to 20
linesearch iterations limit reached - please increase ls_iterations to 20
linesearch iterations limit reached - please increase ls_iterations to 20
linesearch iterations limit reached - please increase ls_iterations to 20
linesearch iterations limit reached - please increase ls_iterations to 20
linesearch iterations limit reached - please increase ls_iterations to 20
linesearch iterations limit reached - please increase ls_iterations to 20
linesearch iterations limit reached - please increase ls_iterations to 20
linesearch iterations limit reached - please increase ls_iterations to 20
linesearch iterations limit reached - please increase ls_iterations to 20
linesearch iterations limit reached - please increase ls_iterations to 20
linesearch iterations limit reached - please increase ls_iterations to 20
linesearch iterations limit reached - please increase ls_iterations to 20
linesearch iterations limit reached - please increase ls_iterations to 20
linesearch iterations limit reached - please increase ls_iterations to 20
linesearch iterations limit reached - please increase ls_iterations to 20
linesearch iterations limit reached - please increase ls_iterations to 20
linesearch iterations limit reached - please increase ls_iterations to 20
linesearch iterations limit reached - please increase ls_iterations to 20
linesearch iterations limit reached - please increase ls_iterations to 20
linesearch iterations limit reached - please increase ls_iterations to 20
linesearch iterations limit reached - please increase ls_iterations to 20
linesearch iterations limit reached - please increase ls_iterations to 20
linesearch iterations limit reached - please increase ls_iterations to 20
linesearch iterations limit reached - please increase ls_iterations to 20
linesearch iterations limit reached - please increase ls_iterations to 20
linesearch iterations limit reached - please increase ls_iterations to 20
linesearch iterations limit reached - please increase ls_iterations to 20
linesearch iterations limit reached - please increase ls_iterations to 20
linesearch iterations limit reached - please increase ls_iterations to 20
linesearch iterations limit reached - please increase ls_iterations to 20
linesearch iterations limit reached - please increase ls_iterations to 20
linesearch iterations limit reached - please increase ls_iterations to 20
linesearch iterations limit reached - please increase ls_iterations to 20
linesearch iterations limit reached - please increase ls_iterations to 20
linesearch iterations limit reached - please increase ls_iterations to 20
linesearch iterations limit reached - please increase ls_iterations to 20
linesearch iterations limit reached - please increase ls_iterations to 20
linesearch iterations limit reached - please increase ls_iterations to 20
linesearch iterations limit reached - please increase ls_iterations to 20
linesearch iterations limit reached - please increase ls_iterations to 20
linesearch iterations limit reached - please increase ls_iterations to 20
linesearch iterations limit reached - please increase ls_iterations to 20
linesearch iterations limit reached - please increase ls_iterations to 20
linesearch iterations limit reached - please increase ls_iterations to 20
linesearch iterations limit reached - please increase ls_iterations to 20
linesearch iterations limit reached - please increase ls_iterations to 20
linesearch iterations limit reached - please increase ls_iterations to 20
linesearch iterations limit reached - please increase ls_iterations to 20
linesearch iterations limit reached - please increase ls_iterations to 20
linesearch iterations limit reached - please increase ls_iterations to 20
linesearch iterations limit reached - please increase ls_iterations to 20
linesearch iterations limit reached - please increase ls_iterations to 20
linesearch iterations limit reached - please increase ls_iterations to 20
linesearch iterations limit reached - please increase ls_iterations to 20
linesearch iterations limit reached - please increase ls_iterations to 20
linesearch iterations limit reached - please increase ls_iterations to 20
linesearch iterations limit reached - please increase ls_iterations to 20
linesearch iterations limit reached - please increase ls_iterations to 20
linesearch iterations limit reached - please increase ls_iterations to 20
linesearch iterations limit reached - please increase ls_iterations to 20
linesearch iterations limit reached - please increase ls_iterations to 20
linesearch iterations limit reached - please increase ls_iterations to 20
linesearch iterations limit reached - please increase ls_iterations to 20
linesearch iterations limit reached - please increase ls_iterations to 20
linesearch iterations limit reached - please increase ls_iterations to 20
linesearch iterations limit reached - please increase ls_iterations to 20
linesearch iterations limit reached - please increase ls_iterations to 20
linesearch iterations limit reached - please increase ls_iterations to 20
linesearch iterations limit reached - please increase ls_iterations to 20
linesearch iterations limit reached - please increase ls_iterations to 20
linesearch iterations limit reached - please increase ls_iterations to 20
linesearch iterations limit reached - please increase ls_iterations to 20
linesearch iterations limit reached - please increase ls_iterations to 20
linesearch iterations limit reached - please increase ls_iterations to 20
linesearch iterations limit reached - please increase ls_iterations to 20
linesearch iterations limit reached - please increase ls_iterations to 20
linesearch iterations limit reached - please increase ls_iterations to 20
linesearch iterations limit reached - please increase ls_iterations to 20
linesearch iterations limit reached - please increase ls_iterations to 20
linesearch iterations limit reached - please increase ls_iterations to 20
linesearch iterations limit reached - please increase ls_iterations to 20
linesearch iterations limit reached - please increase ls_iterations to 20
linesearch iterations limit reached - please increase ls_iterations to 20
linesearch iterations limit reached - please increase ls_iterations to 20
linesearch iterations limit reached - please increase ls_iterations to 20
linesearch iterations limit reached - please increase ls_iterations to 20
linesearch iterations limit reached - please increase ls_iterations to 20
linesearch iterations limit reached - please increase ls_iterations to 20
linesearch iterations limit reached - please increase ls_iterations to 20
linesearch iterations limit reached - please increase ls_iterations to 20
linesearch iterations limit reached - please increase ls_iterations to 20
linesearch iterations limit reached - please increase ls_iterations to 20
linesearch iterations limit reached - please increase ls_iterations to 20
linesearch iterations limit reached - please increase ls_iterations to 20
linesearch iterations limit reached - please increase ls_iterations to 20
linesearch iterations limit reached - please increase ls_iterations to 20
linesearch iterations limit reached - please increase ls_iterations to 20
linesearch iterations limit reached - please increase ls_iterations to 20
linesearch iterations limit reached - please increase ls_iterations to 20
linesearch iterations limit reached - please increase ls_iterations to 20
linesearch iterations limit reached - please increase ls_iterations to 20
linesearch iterations limit reached - please increase ls_iterations to 20
linesearch iterations limit reached - please increase ls_iterations to 20
linesearch iterations limit reached - please increase ls_iterations to 20
linesearch iterations limit reached - please increase ls_iterations to 20
linesearch iterations limit reached - please increase ls_iterations to 20
linesearch iterations limit reached - please increase ls_iterations to 20
linesearch iterations limit reached - please increase ls_iterations to 20
linesearch iterations limit reached - please increase ls_iterations to 20
linesearch iterations limit reached - please increase ls_iterations to 20
linesearch iterations limit reached - please increase ls_iterations to 20
linesearch iterations limit reached - please increase ls_iterations to 20
linesearch iterations limit reached - please increase ls_iterations to 20
linesearch iterations limit reached - please increase ls_iterations to 20
linesearch iterations limit reached - please increase ls_iterations to 20
linesearch iterations limit reached - please increase ls_iterations to 20
linesearch iterations limit reached - please increase ls_iterations to 20
linesearch iterations limit reached - please increase ls_iterations to 20
linesearch iterations limit reached - please increase ls_iterations to 20
linesearch iterations limit reached - please increase ls_iterations to 20
linesearch iterations limit reached - please increase ls_iterations to 20
linesearch iterations limit reached - please increase ls_iterations to 20
linesearch iterations limit reached - please increase ls_iterations to 20
linesearch iterations limit reached - please increase ls_iterations to 20
linesearch iterations limit reached - please increase ls_iterations to 20
linesearch iterations limit reached - please increase ls_iterations to 20
linesearch iterations limit reached - please increase ls_iterations to 20
linesearch iterations limit reached - please increase ls_iterations to 20
linesearch iterations limit reached - please increase ls_iterations to 20
linesearch iterations limit reached - please increase ls_iterations to 20
linesearch iterations limit reached - please increase ls_iterations to 20
linesearch iterations limit reached - please increase ls_iterations to 20
linesearch iterations limit reached - please increase ls_iterations to 20
linesearch iterations limit reached - please increase ls_iterations to 20
linesearch iterations limit reached - please increase ls_iterations to 20
linesearch iterations limit reached - please increase ls_iterations to 20
linesearch iterations limit reached - please increase ls_iterations to 20
linesearch iterations limit reached - please increase ls_iterations to 20
linesearch iterations limit reached - please increase ls_iterations to 20
linesearch iterations limit reached - please increase ls_iterations to 20
linesearch iterations limit reached - please increase ls_iterations to 20
linesearch iterations limit reached - please increase ls_iterations to 20
linesearch iterations limit reached - please increase ls_iterations to 20
linesearch iterations limit reached - please increase ls_iterations to 20
linesearch iterations limit reached - please increase ls_iterations to 20
linesearch iterations limit reached - please increase ls_iterations to 20
linesearch iterations limit reached - please increase ls_iterations to 20
linesearch iterations limit reached - please increase ls_iterations to 20
linesearch iterations limit reached - please increase ls_iterations to 20
linesearch iterations limit reached - please increase ls_iterations to 20
linesearch iterations limit reached - please increase ls_iterations to 20
linesearch iterations limit reached - please increase ls_iterations to 20
linesearch iterations limit reached - please increase ls_iterations to 20
linesearch iterations limit reached - please increase ls_iterations to 20
linesearch iterations limit reached - please increase ls_iterations to 20
linesearch iterations limit reached - please increase ls_iterations to 20
linesearch iterations limit reached - please increase ls_iterations to 20
linesearch iterations limit reached - please increase ls_iterations to 20
linesearch iterations limit reached - please increase ls_iterations to 20
linesearch iterations limit reached - please increase ls_iterations to 20
linesearch iterations limit reached - please increase ls_iterations to 20
linesearch iterations limit reached - please increase ls_iterations to 20
linesearch iterations limit reached - please increase ls_iterations to 20
linesearch iterations limit reached - please increase ls_iterations to 20
linesearch iterations limit reached - please increase ls_iterations to 20
linesearch iterations limit reached - please increase ls_iterations to 20
linesearch iterations limit reached - please increase ls_iterations to 20
linesearch iterations limit reached - please increase ls_iterations to 20
linesearch iterations limit reached - please increase ls_iterations to 20
linesearch iterations limit reached - please increase ls_iterations to 20
linesearch iterations limit reached - please increase ls_iterations to 20
linesearch iterations limit reached - please increase ls_iterations to 20
linesearch iterations limit reached - please increase ls_iterations to 20
linesearch iterations limit reached - please increase ls_iterations to 20
linesearch iterations limit reached - please increase ls_iterations to 20
linesearch iterations limit reached - please increase ls_iterations to 20
linesearch iterations limit reached - please increase ls_iterations to 20
linesearch iterations limit reached - please increase ls_iterations to 20
linesearch iterations limit reached - please increase ls_iterations to 20
linesearch iterations limit reached - please increase ls_iterations to 20
linesearch iterations limit reached - please increase ls_iterations to 20
linesearch iterations limit reached - please increase ls_iterations to 20
linesearch iterations limit reached - please increase ls_iterations to 20
linesearch iterations limit reached - please increase ls_iterations to 20
linesearch iterations limit reached - please increase ls_iterations to 20
linesearch iterations limit reached - please increase ls_iterations to 20
linesearch iterations limit reached - please increase ls_iterations to 20
linesearch iterations limit reached - please increase ls_iterations to 20
linesearch iterations limit reached - please increase ls_iterations to 20
linesearch iterations limit reached - please increase ls_iterations to 20
linesearch iterations limit reached - please increase ls_iterations to 20
linesearch iterations limit reached - please increase ls_iterations to 20
linesearch iterations limit reached - please increase ls_iterations to 20
linesearch iterations limit reached - please increase ls_iterations to 20
linesearch iterations limit reached - please increase ls_iterations to 20
linesearch iterations limit reached - please increase ls_iterations to 20
linesearch iterations limit reached - please increase ls_iterations to 20
linesearch iterations limit reached - please increase ls_iterations to 20
linesearch iterations limit reached - please increase ls_iterations to 20
linesearch iterations limit reached - please increase ls_iterations to 20
linesearch iterations limit reached - please increase ls_iterations to 20
linesearch iterations limit reached - please increase ls_iterations to 20
linesearch iterations limit reached - please increase ls_iterations to 20
linesearch iterations limit reached - please increase ls_iterations to 20
linesearch iterations limit reached - please increase ls_iterations to 20
linesearch iterations limit reached - please increase ls_iterations to 20
linesearch iterations limit reached - please increase ls_iterations to 20
linesearch iterations limit reached - please increase ls_iterations to 20
linesearch iterations limit reached - please increase ls_iterations to 20
linesearch iterations limit reached - please increase ls_iterations to 20
linesearch iterations limit reached - please increase ls_iterations to 20
linesearch iterations limit reached - please increase ls_iterations to 20
linesearch iterations limit reached - please increase ls_iterations to 20
linesearch iterations limit reached - please increase ls_iterations to 20
linesearch iterations limit reached - please increase ls_iterations to 20
linesearch iterations limit reached - please increase ls_iterations to 20
linesearch iterations limit reached - please increase ls_iterations to 20
linesearch iterations limit reached - please increase ls_iterations to 20
linesearch iterations limit reached - please increase ls_iterations to 20
linesearch iterations limit reached - please increase ls_iterations to 20
linesearch iterations limit reached - please increase ls_iterations to 20
linesearch iterations limit reached - please increase ls_iterations to 20
linesearch iterations limit reached - please increase ls_iterations to 20
linesearch iterations limit reached - please increase ls_iterations to 20
linesearch iterations limit reached - please increase ls_iterations to 20
linesearch iterations limit reached - please increase ls_iterations to 20
linesearch iterations limit reached - please increase ls_iterations to 20
linesearch iterations limit reached - please increase ls_iterations to 20
linesearch iterations limit reached - please increase ls_iterations to 20
linesearch iterations limit reached - please increase ls_iterations to 20
linesearch iterations limit reached - please increase ls_iterations to 20
linesearch iterations limit reached - please increase ls_iterations to 20
linesearch iterations limit reached - please increase ls_iterations to 20
linesearch iterations limit reached - please increase ls_iterations to 20
linesearch iterations limit reached - please increase ls_iterations to 20
linesearch iterations limit reached - please increase ls_iterations to 20
linesearch iterations limit reached - please increase ls_iterations to 20
linesearch iterations limit reached - please increase ls_iterations to 20
linesearch iterations limit reached - please increase ls_iterations to 20
linesearch iterations limit reached - please increase ls_iterations to 20
linesearch iterations limit reached - please increase ls_iterations to 20
linesearch iterations limit reached - please increase ls_iterations to 20
linesearch iterations limit reached - please increase ls_iterations to 20
linesearch iterations limit reached - please increase ls_iterations to 20
linesearch iterations limit reached - please increase ls_iterations to 20
linesearch iterations limit reached - please increase ls_iterations to 20
linesearch iterations limit reached - please increase ls_iterations to 20
linesearch iterations limit reached - please increase ls_iterations to 20
linesearch iterations limit reached - please increase ls_iterations to 20
linesearch iterations limit reached - please increase ls_iterations to 20
linesearch iterations limit reached - please increase ls_iterations to 20
linesearch iterations limit reached - please increase ls_iterations to 20
linesearch iterations limit reached - please increase ls_iterations to 20
linesearch iterations limit reached - please increase ls_iterations to 20
linesearch iterations limit reached - please increase ls_iterations to 20
linesearch iterations limit reached - please increase ls_iterations to 20
linesearch iterations limit reached - please increase ls_iterations to 20
linesearch iterations limit reached - please increase ls_iterations to 20
linesearch iterations limit reached - please increase ls_iterations to 20
linesearch iterations limit reached - please increase ls_iterations to 20
linesearch iterations limit reached - please increase ls_iterations to 20
linesearch iterations limit reached - please increase ls_iterations to 20
linesearch iterations limit reached - please increase ls_iterations to 20
linesearch iterations limit reached - please increase ls_iterations to 20
linesearch iterations limit reached - please increase ls_iterations to 20
linesearch iterations limit reached - please increase ls_iterations to 20
linesearch iterations limit reached - please increase ls_iterations to 20
linesearch iterations limit reached - please increase ls_iterations to 20
linesearch iterations limit reached - please increase ls_iterations to 20
linesearch iterations limit reached - please increase ls_iterations to 20
linesearch iterations limit reached - please increase ls_iterations to 20
linesearch iterations limit reached - please increase ls_iterations to 20
linesearch iterations limit reached - please increase ls_iterations to 20
linesearch iterations limit reached - please increase ls_iterations to 20
linesearch iterations limit reached - please increase ls_iterations to 20
linesearch iterations limit reached - please increase ls_iterations to 20
linesearch iterations limit reached - please increase ls_iterations to 20
linesearch iterations limit reached - please increase ls_iterations to 20
linesearch iterations limit reached - please increase ls_iterations to 20
linesearch iterations limit reached - please increase ls_iterations to 20
linesearch iterations limit reached - please increase ls_iterations to 20
linesearch iterations limit reached - please increase ls_iterations to 20
linesearch iterations limit reached - please increase ls_iterations to 20
linesearch iterations limit reached - please increase ls_iterations to 20
linesearch iterations limit reached - please increase ls_iterations to 20
linesearch iterations limit reached - please increase ls_iterations to 20
linesearch iterations limit reached - please increase ls_iterations to 20
linesearch iterations limit reached - please increase ls_iterations to 20
linesearch iterations limit reached - please increase ls_iterations to 20
linesearch iterations limit reached - please increase ls_iterations to 20
linesearch iterations limit reached - please increase ls_iterations to 20
linesearch iterations limit reached - please increase ls_iterations to 20
linesearch iterations limit reached - please increase ls_iterations to 20
linesearch iterations limit reached - please increase ls_iterations to 20
linesearch iterations limit reached - please increase ls_iterations to 20
linesearch iterations limit reached - please increase ls_iterations to 20
linesearch iterations limit reached - please increase ls_iterations to 20
linesearch iterations limit reached - please increase ls_iterations to 20
linesearch iterations limit reached - please increase ls_iterations to 20
linesearch iterations limit reached - please increase ls_iterations to 20
linesearch iterations limit reached - please increase ls_iterations to 20
linesearch iterations limit reached - please increase ls_iterations to 20
linesearch iterations limit reached - please increase ls_iterations to 20
linesearch iterations limit reached - please increase ls_iterations to 20
linesearch iterations limit reached - please increase ls_iterations to 20
linesearch iterations limit reached - please increase ls_iterations to 20
linesearch iterations limit reached - please increase ls_iterations to 20
linesearch iterations limit reached - please increase ls_iterations to 20
linesearch iterations limit reached - please increase ls_iterations to 20
linesearch iterations limit reached - please increase ls_iterations to 20
linesearch iterations limit reached - please increase ls_iterations to 20
linesearch iterations limit reached - please increase ls_iterations to 20
linesearch iterations limit reached - please increase ls_iterations to 20
linesearch iterations limit reached - please increase ls_iterations to 20
linesearch iterations limit reached - please increase ls_iterations to 20
linesearch iterations limit reached - please increase ls_iterations to 20
linesearch iterations limit reached - please increase ls_iterations to 20
linesearch iterations limit reached - please increase ls_iterations to 20
linesearch iterations limit reached - please increase ls_iterations to 20
linesearch iterations limit reached - please increase ls_iterations to 20
linesearch iterations limit reached - please increase ls_iterations to 20
linesearch iterations limit reached - please increase ls_iterations to 20
linesearch iterations limit reached - please increase ls_iterations to 20
linesearch iterations limit reached - please increase ls_iterations to 20
linesearch iterations limit reached - please increase ls_iterations to 20
linesearch iterations limit reached - please increase ls_iterations to 20
linesearch iterations limit reached - please increase ls_iterations to 20
linesearch iterations limit reached - please increase ls_iterations to 20
linesearch iterations limit reached - please increase ls_iterations to 20
linesearch iterations limit reached - please increase ls_iterations to 20
linesearch iterations limit reached - please increase ls_iterations to 20
linesearch iterations limit reached - please increase ls_iterations to 20
linesearch iterations limit reached - please increase ls_iterations to 20
linesearch iterations limit reached - please increase ls_iterations to 20
linesearch iterations limit reached - please increase ls_iterations to 20
linesearch iterations limit reached - please increase ls_iterations to 20
linesearch iterations limit reached - please increase ls_iterations to 20
linesearch iterations limit reached - please increase ls_iterations to 20
linesearch iterations limit reached - please increase ls_iterations to 20
linesearch iterations limit reached - please increase ls_iterations to 20
linesearch iterations limit reached - please increase ls_iterations to 20
linesearch iterations limit reached - please increase ls_iterations to 20
linesearch iterations limit reached - please increase ls_iterations to 20
linesearch iterations limit reached - please increase ls_iterations to 20
linesearch iterations limit reached - please increase ls_iterations to 20
linesearch iterations limit reached - please increase ls_iterations to 20
linesearch iterations limit reached - please increase ls_iterations to 20
linesearch iterations limit reached - please increase ls_iterations to 20
linesearch iterations limit reached - please increase ls_iterations to 20
linesearch iterations limit reached - please increase ls_iterations to 20
linesearch iterations limit reached - please increase ls_iterations to 20
linesearch iterations limit reached - please increase ls_iterations to 20
linesearch iterations limit reached - please increase ls_iterations to 20
linesearch iterations limit reached - please increase ls_iterations to 20
linesearch iterations limit reached - please increase ls_iterations to 20
linesearch iterations limit reached - please increase ls_iterations to 20
linesearch iterations limit reached - please increase ls_iterations to 20
linesearch iterations limit reached - please increase ls_iterations to 20
linesearch iterations limit reached - please increase ls_iterations to 20
linesearch iterations limit reached - please increase ls_iterations to 20
linesearch iterations limit reached - please increase ls_iterations to 20
linesearch iterations limit reached - please increase ls_iterations to 20
linesearch iterations limit reached - please increase ls_iterations to 20
linesearch iterations limit reached - please increase ls_iterations to 20
linesearch iterations limit reached - please increase ls_iterations to 20
linesearch iterations limit reached - please increase ls_iterations to 20
linesearch iterations limit reached - please increase ls_iterations to 20
linesearch iterations limit reached - please increase ls_iterations to 20
linesearch iterations limit reached - please increase ls_iterations to 20
linesearch iterations limit reached - please increase ls_iterations to 20
linesearch iterations limit reached - please increase ls_iterations to 20
linesearch iterations limit reached - please increase ls_iterations to 20
linesearch iterations limit reached - please increase ls_iterations to 20
linesearch iterations limit reached - please increase ls_iterations to 20
linesearch iterations limit reached - please increase ls_iterations to 20
linesearch iterations limit reached - please increase ls_iterations to 20
linesearch iterations limit reached - please increase ls_iterations to 20
linesearch iterations limit reached - please increase ls_iterations to 20
linesearch iterations limit reached - please increase ls_iterations to 20
linesearch iterations limit reached - please increase ls_iterations to 20
linesearch iterations limit reached - please increase ls_iterations to 20
linesearch iterations limit reached - please increase ls_iterations to 20
linesearch iterations limit reached - please increase ls_iterations to 20
linesearch iterations limit reached - please increase ls_iterations to 20
linesearch iterations limit reached - please increase ls_iterations to 20
linesearch iterations limit reached - please increase ls_iterations to 20
linesearch iterations limit reached - please increase ls_iterations to 20
linesearch iterations limit reached - please increase ls_iterations to 20
linesearch iterations limit reached - please increase ls_iterations to 20
linesearch iterations limit reached - please increase ls_iterations to 20
linesearch iterations limit reached - please increase ls_iterations to 20
linesearch iterations limit reached - please increase ls_iterations to 20
linesearch iterations limit reached - please increase ls_iterations to 20
linesearch iterations limit reached - please increase ls_iterations to 20
linesearch iterations limit reached - please increase ls_iterations to 20
linesearch iterations limit reached - please increase ls_iterations to 20
linesearch iterations limit reached - please increase ls_iterations to 20
linesearch iterations limit reached - please increase ls_iterations to 20
linesearch iterations limit reached - please increase ls_iterations to 20
linesearch iterations limit reached - please increase ls_iterations to 20
linesearch iterations limit reached - please increase ls_iterations to 20
linesearch iterations limit reached - please increase ls_iterations to 20
linesearch iterations limit reached - please increase ls_iterations to 20
linesearch iterations limit reached - please increase ls_iterations to 20
linesearch iterations limit reached - please increase ls_iterations to 20
linesearch iterations limit reached - please increase ls_iterations to 20
linesearch iterations limit reached - please increase ls_iterations to 20
linesearch iterations limit reached - please increase ls_iterations to 20
linesearch iterations limit reached - please increase ls_iterations to 20
linesearch iterations limit reached - please increase ls_iterations to 20
linesearch iterations limit reached - please increase ls_iterations to 20
linesearch iterations limit reached - please increase ls_iterations to 20
linesearch iterations limit reached - please increase ls_iterations to 20
linesearch iterations limit reached - please increase ls_iterations to 20
linesearch iterations limit reached - please increase ls_iterations to 20
linesearch iterations limit reached - please increase ls_iterations to 20
linesearch iterations limit reached - please increase ls_iterations to 20
linesearch iterations limit reached - please increase ls_iterations to 20
linesearch iterations limit reached - please increase ls_iterations to 20
linesearch iterations limit reached - please increase ls_iterations to 20
linesearch iterations limit reached - please increase ls_iterations to 20
linesearch iterations limit reached - please increase ls_iterations to 20
linesearch iterations limit reached - please increase ls_iterations to 20
linesearch iterations limit reached - please increase ls_iterations to 20
linesearch iterations limit reached - please increase ls_iterations to 20
linesearch iterations limit reached - please increase ls_iterations to 20
linesearch iterations limit reached - please increase ls_iterations to 20
linesearch iterations limit reached - please increase ls_iterations to 20
linesearch iterations limit reached - please increase ls_iterations to 20
linesearch iterations limit reached - please increase ls_iterations to 20
linesearch iterations limit reached - please increase ls_iterations to 20
linesearch iterations limit reached - please increase ls_iterations to 20
linesearch iterations limit reached - please increase ls_iterations to 20
linesearch iterations limit reached - please increase ls_iterations to 20
linesearch iterations limit reached - please increase ls_iterations to 20
linesearch iterations limit reached - please increase ls_iterations to 20
linesearch iterations limit reached - please increase ls_iterations to 20
linesearch iterations limit reached - please increase ls_iterations to 20
linesearch iterations limit reached - please increase ls_iterations to 20
linesearch iterations limit reached - please increase ls_iterations to 20
linesearch iterations limit reached - please increase ls_iterations to 20
linesearch iterations limit reached - please increase ls_iterations to 20
linesearch iterations limit reached - please increase ls_iterations to 20
linesearch iterations limit reached - please increase ls_iterations to 20
linesearch iterations limit reached - please increase ls_iterations to 20
linesearch iterations limit reached - please increase ls_iterations to 20
linesearch iterations limit reached - please increase ls_iterations to 20
linesearch iterations limit reached - please increase ls_iterations to 20
linesearch iterations limit reached - please increase ls_iterations to 20
linesearch iterations limit reached - please increase ls_iterations to 20
linesearch iterations limit reached - please increase ls_iterations to 20
linesearch iterations limit reached - please increase ls_iterations to 20
linesearch iterations limit reached - please increase ls_iterations to 20
linesearch iterations limit reached - please increase ls_iterations to 20
linesearch iterations limit reached - please increase ls_iterations to 20
linesearch iterations limit reached - please increase ls_iterations to 20
linesearch iterations limit reached - please increase ls_iterations to 20
linesearch iterations limit reached - please increase ls_iterations to 20
linesearch iterations limit reached - please increase ls_iterations to 20
linesearch iterations limit reached - please increase ls_iterations to 20
linesearch iterations limit reached - please increase ls_iterations to 20
linesearch iterations limit reached - please increase ls_iterations to 20
linesearch iterations limit reached - please increase ls_iterations to 20
linesearch iterations limit reached - please increase ls_iterations to 20
linesearch iterations limit reached - please increase ls_iterations to 20
linesearch iterations limit reached - please increase ls_iterations to 20
linesearch iterations limit reached - please increase ls_iterations to 20
linesearch iterations limit reached - please increase ls_iterations to 20
linesearch iterations limit reached - please increase ls_iterations to 20
linesearch iterations limit reached - please increase ls_iterations to 20
linesearch iterations limit reached - please increase ls_iterations to 20
linesearch iterations limit reached - please increase ls_iterations to 20
linesearch iterations limit reached - please increase ls_iterations to 20
linesearch iterations limit reached - please increase ls_iterations to 20
linesearch iterations limit reached - please increase ls_iterations to 20
linesearch iterations limit reached - please increase ls_iterations to 20
linesearch iterations limit reached - please increase ls_iterations to 20
linesearch iterations limit reached - please increase ls_iterations to 20
linesearch iterations limit reached - please increase ls_iterations to 20
linesearch iterations limit reached - please increase ls_iterations to 20
linesearch iterations limit reached - please increase ls_iterations to 20
linesearch iterations limit reached - please increase ls_iterations to 20
linesearch iterations limit reached - please increase ls_iterations to 20
linesearch iterations limit reached - please increase ls_iterations to 20
linesearch iterations limit reached - please increase ls_iterations to 20
linesearch iterations limit reached - please increase ls_iterations to 20
linesearch iterations limit reached - please increase ls_iterations to 20
linesearch iterations limit reached - please increase ls_iterations to 20
linesearch iterations limit reached - please increase ls_iterations to 20
linesearch iterations limit reached - please increase ls_iterations to 20
linesearch iterations limit reached - please increase ls_iterations to 20
linesearch iterations limit reached - please increase ls_iterations to 20
linesearch iterations limit reached - please increase ls_iterations to 20
linesearch iterations limit reached - please increase ls_iterations to 20
linesearch iterations limit reached - please increase ls_iterations to 20
linesearch iterations limit reached - please increase ls_iterations to 20
linesearch iterations limit reached - please increase ls_iterations to 20
linesearch iterations limit reached - please increase ls_iterations to 20
linesearch iterations limit reached - please increase ls_iterations to 20
linesearch iterations limit reached - please increase ls_iterations to 20
linesearch iterations limit reached - please increase ls_iterations to 20
linesearch iterations limit reached - please increase ls_iterations to 20
linesearch iterations limit reached - please increase ls_iterations to 20
linesearch iterations limit reached - please increase ls_iterations to 20
linesearch iterations limit reached - please increase ls_iterations to 20
linesearch iterations limit reached - please increase ls_iterations to 20
linesearch iterations limit reached - please increase ls_iterations to 20
linesearch iterations limit reached - please increase ls_iterations to 20
linesearch iterations limit reached - please increase ls_iterations to 20
linesearch iterations limit reached - please increase ls_iterations to 20
linesearch iterations limit reached - please increase ls_iterations to 20
linesearch iterations limit reached - please increase ls_iterations to 20
linesearch iterations limit reached - please increase ls_iterations to 20
linesearch iterations limit reached - please increase ls_iterations to 20
linesearch iterations limit reached - please increase ls_iterations to 20
linesearch iterations limit reached - please increase ls_iterations to 20
linesearch iterations limit reached - please increase ls_iterations to 20
linesearch iterations limit reached - please increase ls_iterations to 20
linesearch iterations limit reached - please increase ls_iterations to 20
linesearch iterations limit reached - please increase ls_iterations to 20
linesearch iterations limit reached - please increase ls_iterations to 20
linesearch iterations limit reached - please increase ls_iterations to 20
linesearch iterations limit reached - please increase ls_iterations to 20
linesearch iterations limit reached - please increase ls_iterations to 20
linesearch iterations limit reached - please increase ls_iterations to 20
linesearch iterations limit reached - please increase ls_iterations to 20
linesearch iterations limit reached - please increase ls_iterations to 20
linesearch iterations limit reached - please increase ls_iterations to 20
linesearch iterations limit reached - please increase ls_iterations to 20
linesearch iterations limit reached - please increase ls_iterations to 20
linesearch iterations limit reached - please increase ls_iterations to 20
linesearch iterations limit reached - please increase ls_iterations to 20
linesearch iterations limit reached - please increase ls_iterations to 20
linesearch iterations limit reached - please increase ls_iterations to 20
linesearch iterations limit reached - please increase ls_iterations to 20
linesearch iterations limit reached - please increase ls_iterations to 20
linesearch iterations limit reached - please increase ls_iterations to 20
linesearch iterations limit reached - please increase ls_iterations to 20
linesearch iterations limit reached - please increase ls_iterations to 20
linesearch iterations limit reached - please increase ls_iterations to 20
linesearch iterations limit reached - please increase ls_iterations to 20
linesearch iterations limit reached - please increase ls_iterations to 20
linesearch iterations limit reached - please increase ls_iterations to 20
linesearch iterations limit reached - please increase ls_iterations to 20
linesearch iterations limit reached - please increase ls_iterations to 20
linesearch iterations limit reached - please increase ls_iterations to 20
linesearch iterations limit reached - please increase ls_iterations to 20
linesearch iterations limit reached - please increase ls_iterations to 20
linesearch iterations limit reached - please increase ls_iterations to 20
linesearch iterations limit reached - please increase ls_iterations to 20
linesearch iterations limit reached - please increase ls_iterations to 20
linesearch iterations limit reached - please increase ls_iterations to 20
linesearch iterations limit reached - please increase ls_iterations to 20
linesearch iterations limit reached - please increase ls_iterations to 20
linesearch iterations limit reached - please increase ls_iterations to 20
linesearch iterations limit reached - please increase ls_iterations to 20
linesearch iterations limit reached - please increase ls_iterations to 20
linesearch iterations limit reached - please increase ls_iterations to 20
linesearch iterations limit reached - please increase ls_iterations to 20
linesearch iterations limit reached - please increase ls_iterations to 20
linesearch iterations limit reached - please increase ls_iterations to 20
linesearch iterations limit reached - please increase ls_iterations to 20
linesearch iterations limit reached - please increase ls_iterations to 20
linesearch iterations limit reached - please increase ls_iterations to 20
linesearch iterations limit reached - please increase ls_iterations to 20
linesearch iterations limit reached - please increase ls_iterations to 20
linesearch iterations limit reached - please increase ls_iterations to 20
linesearch iterations limit reached - please increase ls_iterations to 20
linesearch iterations limit reached - please increase ls_iterations to 20
linesearch iterations limit reached - please increase ls_iterations to 20
linesearch iterations limit reached - please increase ls_iterations to 20
linesearch iterations limit reached - please increase ls_iterations to 20
linesearch iterations limit reached - please increase ls_iterations to 20
linesearch iterations limit reached - please increase ls_iterations to 20
test_against_the_hand_s_pose_at_that_instant_the_jaw_motor_is (tests.test_leader_feedback_loop.TestAPageThatStepsUnevenlyIsNotFeltAsContact.test_against_the_hand_s_pose_at_that_instant_the_jaw_motor_is)
Not a requirement -- a record of what the other form does, so that ... ok
test_against_the_pose_it_was_chasing_nothing_is_energized (tests.test_leader_feedback_loop.TestAPageThatStepsUnevenlyIsNotFeltAsContact.test_against_the_pose_it_was_chasing_nothing_is_energized) ... ok
linesearch iterations limit reached - please increase ls_iterations to 20
linesearch iterations limit reached - please increase ls_iterations to 20
linesearch iterations limit reached - please increase ls_iterations to 20
linesearch iterations limit reached - please increase ls_iterations to 20
linesearch iterations limit reached - please increase ls_iterations to 20
linesearch iterations limit reached - please increase ls_iterations to 20
linesearch iterations limit reached - please increase ls_iterations to 20
linesearch iterations limit reached - please increase ls_iterations to 20
linesearch iterations limit reached - please increase ls_iterations to 20
linesearch iterations limit reached - please increase ls_iterations to 20
linesearch iterations limit reached - please increase ls_iterations to 20
linesearch iterations limit reached - please increase ls_iterations to 20
linesearch iterations limit reached - please increase ls_iterations to 20
linesearch iterations limit reached - please increase ls_iterations to 20
linesearch iterations limit reached - please increase ls_iterations to 20
linesearch iterations limit reached - please increase ls_iterations to 20
linesearch iterations limit reached - please increase ls_iterations to 20
linesearch iterations limit reached - please increase ls_iterations to 20
linesearch iterations limit reached - please increase ls_iterations to 20
linesearch iterations limit reached - please increase ls_iterations to 20
linesearch iterations limit reached - please increase ls_iterations to 20
linesearch iterations limit reached - please increase ls_iterations to 20
linesearch iterations limit reached - please increase ls_iterations to 20
linesearch iterations limit reached - please increase ls_iterations to 20
linesearch iterations limit reached - please increase ls_iterations to 20
linesearch iterations limit reached - please increase ls_iterations to 20
linesearch iterations limit reached - please increase ls_iterations to 20
linesearch iterations limit reached - please increase ls_iterations to 20
linesearch iterations limit reached - please increase ls_iterations to 20
linesearch iterations limit reached - please increase ls_iterations to 20
linesearch iterations limit reached - please increase ls_iterations to 20
linesearch iterations limit reached - please increase ls_iterations to 20
linesearch iterations limit reached - please increase ls_iterations to 20
linesearch iterations limit reached - please increase ls_iterations to 20
linesearch iterations limit reached - please increase ls_iterations to 20
linesearch iterations limit reached - please increase ls_iterations to 20
linesearch iterations limit reached - please increase ls_iterations to 20
linesearch iterations limit reached - please increase ls_iterations to 20
linesearch iterations limit reached - please increase ls_iterations to 20
linesearch iterations limit reached - please increase ls_iterations to 20
linesearch iterations limit reached - please increase ls_iterations to 20
linesearch iterations limit reached - please increase ls_iterations to 20
linesearch iterations limit reached - please increase ls_iterations to 20
linesearch iterations limit reached - please increase ls_iterations to 20
linesearch iterations limit reached - please increase ls_iterations to 20
linesearch iterations limit reached - please increase ls_iterations to 20
linesearch iterations limit reached - please increase ls_iterations to 20
linesearch iterations limit reached - please increase ls_iterations to 20
linesearch iterations limit reached - please increase ls_iterations to 20
linesearch iterations limit reached - please increase ls_iterations to 20
linesearch iterations limit reached - please increase ls_iterations to 20
linesearch iterations limit reached - please increase ls_iterations to 20
linesearch iterations limit reached - please increase ls_iterations to 20
linesearch iterations limit reached - please increase ls_iterations to 20
linesearch iterations limit reached - please increase ls_iterations to 20
linesearch iterations limit reached - please increase ls_iterations to 20
linesearch iterations limit reached - please increase ls_iterations to 20
linesearch iterations limit reached - please increase ls_iterations to 20
linesearch iterations limit reached - please increase ls_iterations to 20
linesearch iterations limit reached - please increase ls_iterations to 20
linesearch iterations limit reached - please increase ls_iterations to 20
linesearch iterations limit reached - please increase ls_iterations to 20
linesearch iterations limit reached - please increase ls_iterations to 20
linesearch iterations limit reached - please increase ls_iterations to 20
linesearch iterations limit reached - please increase ls_iterations to 20
linesearch iterations limit reached - please increase ls_iterations to 20
linesearch iterations limit reached - please increase ls_iterations to 20
linesearch iterations limit reached - please increase ls_iterations to 20
linesearch iterations limit reached - please increase ls_iterations to 20
linesearch iterations limit reached - please increase ls_iterations to 20
linesearch iterations limit reached - please increase ls_iterations to 20
linesearch iterations limit reached - please increase ls_iterations to 20
linesearch iterations limit reached - please increase ls_iterations to 20
linesearch iterations limit reached - please increase ls_iterations to 20
linesearch iterations limit reached - please increase ls_iterations to 20
linesearch iterations limit reached - please increase ls_iterations to 20
linesearch iterations limit reached - please increase ls_iterations to 20
linesearch iterations limit reached - please increase ls_iterations to 20
linesearch iterations limit reached - please increase ls_iterations to 20
linesearch iterations limit reached - please increase ls_iterations to 20
linesearch iterations limit reached - please increase ls_iterations to 20
linesearch iterations limit reached - please increase ls_iterations to 20
linesearch iterations limit reached - please increase ls_iterations to 20
linesearch iterations limit reached - please increase ls_iterations to 20
linesearch iterations limit reached - please increase ls_iterations to 20
linesearch iterations limit reached - please increase ls_iterations to 20
linesearch iterations limit reached - please increase ls_iterations to 20
linesearch iterations limit reached - please increase ls_iterations to 20
linesearch iterations limit reached - please increase ls_iterations to 20
linesearch iterations limit reached - please increase ls_iterations to 20
linesearch iterations limit reached - please increase ls_iterations to 20
linesearch iterations limit reached - please increase ls_iterations to 20
linesearch iterations limit reached - please increase ls_iterations to 20
linesearch iterations limit reached - please increase ls_iterations to 20
linesearch iterations limit reached - please increase ls_iterations to 20
linesearch iterations limit reached - please increase ls_iterations to 20
linesearch iterations limit reached - please increase ls_iterations to 20
linesearch iterations limit reached - please increase ls_iterations to 20
linesearch iterations limit reached - please increase ls_iterations to 20
linesearch iterations limit reached - please increase ls_iterations to 20
linesearch iterations limit reached - please increase ls_iterations to 20
linesearch iterations limit reached - please increase ls_iterations to 20
linesearch iterations limit reached - please increase ls_iterations to 20
linesearch iterations limit reached - please increase ls_iterations to 20
linesearch iterations limit reached - please increase ls_iterations to 20
linesearch iterations limit reached - please increase ls_iterations to 20
linesearch iterations limit reached - please increase ls_iterations to 20
linesearch iterations limit reached - please increase ls_iterations to 20
linesearch iterations limit reached - please increase ls_iterations to 20
linesearch iterations limit reached - please increase ls_iterations to 20
linesearch iterations limit reached - please increase ls_iterations to 20
linesearch iterations limit reached - please increase ls_iterations to 20
linesearch iterations limit reached - please increase ls_iterations to 20
linesearch iterations limit reached - please increase ls_iterations to 20
linesearch iterations limit reached - please increase ls_iterations to 20
linesearch iterations limit reached - please increase ls_iterations to 20
linesearch iterations limit reached - please increase ls_iterations to 20
linesearch iterations limit reached - please increase ls_iterations to 20
linesearch iterations limit reached - please increase ls_iterations to 20
linesearch iterations limit reached - please increase ls_iterations to 20
linesearch iterations limit reached - please increase ls_iterations to 20
linesearch iterations limit reached - please increase ls_iterations to 20
linesearch iterations limit reached - please increase ls_iterations to 20
linesearch iterations limit reached - please increase ls_iterations to 20
linesearch iterations limit reached - please increase ls_iterations to 20
linesearch iterations limit reached - please increase ls_iterations to 20
linesearch iterations limit reached - please increase ls_iterations to 20
linesearch iterations limit reached - please increase ls_iterations to 20
linesearch iterations limit reached - please increase ls_iterations to 20
linesearch iterations limit reached - please increase ls_iterations to 20
linesearch iterations limit reached - please increase ls_iterations to 20
linesearch iterations limit reached - please increase ls_iterations to 20
linesearch iterations limit reached - please increase ls_iterations to 20
linesearch iterations limit reached - please increase ls_iterations to 20
linesearch iterations limit reached - please increase ls_iterations to 20
linesearch iterations limit reached - please increase ls_iterations to 20
linesearch iterations limit reached - please increase ls_iterations to 20
linesearch iterations limit reached - please increase ls_iterations to 20
linesearch iterations limit reached - please increase ls_iterations to 20
linesearch iterations limit reached - please increase ls_iterations to 20
linesearch iterations limit reached - please increase ls_iterations to 20
linesearch iterations limit reached - please increase ls_iterations to 20
linesearch iterations limit reached - please increase ls_iterations to 20
linesearch iterations limit reached - please increase ls_iterations to 20
linesearch iterations limit reached - please increase ls_iterations to 20
linesearch iterations limit reached - please increase ls_iterations to 20
linesearch iterations limit reached - please increase ls_iterations to 20
linesearch iterations limit reached - please increase ls_iterations to 20
linesearch iterations limit reached - please increase ls_iterations to 20
linesearch iterations limit reached - please increase ls_iterations to 20
linesearch iterations limit reached - please increase ls_iterations to 20
linesearch iterations limit reached - please increase ls_iterations to 20
linesearch iterations limit reached - please increase ls_iterations to 20
linesearch iterations limit reached - please increase ls_iterations to 20
linesearch iterations limit reached - please increase ls_iterations to 20
linesearch iterations limit reached - please increase ls_iterations to 20
linesearch iterations limit reached - please increase ls_iterations to 20
linesearch iterations limit reached - please increase ls_iterations to 20
linesearch iterations limit reached - please increase ls_iterations to 20
linesearch iterations limit reached - please increase ls_iterations to 20
linesearch iterations limit reached - please increase ls_iterations to 20
linesearch iterations limit reached - please increase ls_iterations to 20
linesearch iterations limit reached - please increase ls_iterations to 20
linesearch iterations limit reached - please increase ls_iterations to 20
linesearch iterations limit reached - please increase ls_iterations to 20
linesearch iterations limit reached - please increase ls_iterations to 20
linesearch iterations limit reached - please increase ls_iterations to 20
linesearch iterations limit reached - please increase ls_iterations to 20
linesearch iterations limit reached - please increase ls_iterations to 20
linesearch iterations limit reached - please increase ls_iterations to 20
linesearch iterations limit reached - please increase ls_iterations to 20
linesearch iterations limit reached - please increase ls_iterations to 20
linesearch iterations limit reached - please increase ls_iterations to 20
linesearch iterations limit reached - please increase ls_iterations to 20
linesearch iterations limit reached - please increase ls_iterations to 20
linesearch iterations limit reached - please increase ls_iterations to 20
linesearch iterations limit reached - please increase ls_iterations to 20
linesearch iterations limit reached - please increase ls_iterations to 20
linesearch iterations limit reached - please increase ls_iterations to 20
linesearch iterations limit reached - please increase ls_iterations to 20
linesearch iterations limit reached - please increase ls_iterations to 20
linesearch iterations limit reached - please increase ls_iterations to 20
linesearch iterations limit reached - please increase ls_iterations to 20
linesearch iterations limit reached - please increase ls_iterations to 20
linesearch iterations limit reached - please increase ls_iterations to 20
linesearch iterations limit reached - please increase ls_iterations to 20
linesearch iterations limit reached - please increase ls_iterations to 20
linesearch iterations limit reached - please increase ls_iterations to 20
linesearch iterations limit reached - please increase ls_iterations to 20
linesearch iterations limit reached - please increase ls_iterations to 20
linesearch iterations limit reached - please increase ls_iterations to 20
linesearch iterations limit reached - please increase ls_iterations to 20
linesearch iterations limit reached - please increase ls_iterations to 20
linesearch iterations limit reached - please increase ls_iterations to 20
linesearch iterations limit reached - please increase ls_iterations to 20
linesearch iterations limit reached - please increase ls_iterations to 20
linesearch iterations limit reached - please increase ls_iterations to 20
linesearch iterations limit reached - please increase ls_iterations to 20
linesearch iterations limit reached - please increase ls_iterations to 20
linesearch iterations limit reached - please increase ls_iterations to 20
linesearch iterations limit reached - please increase ls_iterations to 20
linesearch iterations limit reached - please increase ls_iterations to 20
linesearch iterations limit reached - please increase ls_iterations to 20
linesearch iterations limit reached - please increase ls_iterations to 20
linesearch iterations limit reached - please increase ls_iterations to 20
linesearch iterations limit reached - please increase ls_iterations to 20
linesearch iterations limit reached - please increase ls_iterations to 20
linesearch iterations limit reached - please increase ls_iterations to 20
linesearch iterations limit reached - please increase ls_iterations to 20
linesearch iterations limit reached - please increase ls_iterations to 20
linesearch iterations limit reached - please increase ls_iterations to 20
linesearch iterations limit reached - please increase ls_iterations to 20
linesearch iterations limit reached - please increase ls_iterations to 20
linesearch iterations limit reached - please increase ls_iterations to 20
linesearch iterations limit reached - please increase ls_iterations to 20
linesearch iterations limit reached - please increase ls_iterations to 20
linesearch iterations limit reached - please increase ls_iterations to 20
linesearch iterations limit reached - please increase ls_iterations to 20
linesearch iterations limit reached - please increase ls_iterations to 20
linesearch iterations limit reached - please increase ls_iterations to 20
linesearch iterations limit reached - please increase ls_iterations to 20
linesearch iterations limit reached - please increase ls_iterations to 20
linesearch iterations limit reached - please increase ls_iterations to 20
linesearch iterations limit reached - please increase ls_iterations to 20
linesearch iterations limit reached - please increase ls_iterations to 20
linesearch iterations limit reached - please increase ls_iterations to 20
linesearch iterations limit reached - please increase ls_iterations to 20
linesearch iterations limit reached - please increase ls_iterations to 20
linesearch iterations limit reached - please increase ls_iterations to 20
linesearch iterations limit reached - please increase ls_iterations to 20
linesearch iterations limit reached - please increase ls_iterations to 20
linesearch iterations limit reached - please increase ls_iterations to 20
linesearch iterations limit reached - please increase ls_iterations to 20
linesearch iterations limit reached - please increase ls_iterations to 20
linesearch iterations limit reached - please increase ls_iterations to 20
linesearch iterations limit reached - please increase ls_iterations to 20
linesearch iterations limit reached - please increase ls_iterations to 20
linesearch iterations limit reached - please increase ls_iterations to 20
linesearch iterations limit reached - please increase ls_iterations to 20
linesearch iterations limit reached - please increase ls_iterations to 20
linesearch iterations limit reached - please increase ls_iterations to 20
linesearch iterations limit reached - please increase ls_iterations to 20
linesearch iterations limit reached - please increase ls_iterations to 20
linesearch iterations limit reached - please increase ls_iterations to 20
linesearch iterations limit reached - please increase ls_iterations to 20
linesearch iterations limit reached - please increase ls_iterations to 20
linesearch iterations limit reached - please increase ls_iterations to 20
linesearch iterations limit reached - please increase ls_iterations to 20
linesearch iterations limit reached - please increase ls_iterations to 20
linesearch iterations limit reached - please increase ls_iterations to 20
linesearch iterations limit reached - please increase ls_iterations to 20
linesearch iterations limit reached - please increase ls_iterations to 20
linesearch iterations limit reached - please increase ls_iterations to 20
linesearch iterations limit reached - please increase ls_iterations to 20
linesearch iterations limit reached - please increase ls_iterations to 20
linesearch iterations limit reached - please increase ls_iterations to 20
linesearch iterations limit reached - please increase ls_iterations to 20
linesearch iterations limit reached - please increase ls_iterations to 20
linesearch iterations limit reached - please increase ls_iterations to 20
linesearch iterations limit reached - please increase ls_iterations to 20
linesearch iterations limit reached - please increase ls_iterations to 20
linesearch iterations limit reached - please increase ls_iterations to 20
linesearch iterations limit reached - please increase ls_iterations to 20
linesearch iterations limit reached - please increase ls_iterations to 20
linesearch iterations limit reached - please increase ls_iterations to 20
linesearch iterations limit reached - please increase ls_iterations to 20
linesearch iterations limit reached - please increase ls_iterations to 20
linesearch iterations limit reached - please increase ls_iterations to 20
linesearch iterations limit reached - please increase ls_iterations to 20
linesearch iterations limit reached - please increase ls_iterations to 20
linesearch iterations limit reached - please increase ls_iterations to 20
linesearch iterations limit reached - please increase ls_iterations to 20
linesearch iterations limit reached - please increase ls_iterations to 20
linesearch iterations limit reached - please increase ls_iterations to 20
linesearch iterations limit reached - please increase ls_iterations to 20
linesearch iterations limit reached - please increase ls_iterations to 20
linesearch iterations limit reached - please increase ls_iterations to 20
linesearch iterations limit reached - please increase ls_iterations to 20
linesearch iterations limit reached - please increase ls_iterations to 20
linesearch iterations limit reached - please increase ls_iterations to 20
linesearch iterations limit reached - please increase ls_iterations to 20
linesearch iterations limit reached - please increase ls_iterations to 20
linesearch iterations limit reached - please increase ls_iterations to 20
linesearch iterations limit reached - please increase ls_iterations to 20
linesearch iterations limit reached - please increase ls_iterations to 20
linesearch iterations limit reached - please increase ls_iterations to 20
linesearch iterations limit reached - please increase ls_iterations to 20
linesearch iterations limit reached - please increase ls_iterations to 20
linesearch iterations limit reached - please increase ls_iterations to 20
linesearch iterations limit reached - please increase ls_iterations to 20
linesearch iterations limit reached - please increase ls_iterations to 20
linesearch iterations limit reached - please increase ls_iterations to 20
linesearch iterations limit reached - please increase ls_iterations to 20
linesearch iterations limit reached - please increase ls_iterations to 20
linesearch iterations limit reached - please increase ls_iterations to 20
linesearch iterations limit reached - please increase ls_iterations to 20
linesearch iterations limit reached - please increase ls_iterations to 20
linesearch iterations limit reached - please increase ls_iterations to 20
linesearch iterations limit reached - please increase ls_iterations to 20
linesearch iterations limit reached - please increase ls_iterations to 20
linesearch iterations limit reached - please increase ls_iterations to 20
linesearch iterations limit reached - please increase ls_iterations to 20
linesearch iterations limit reached - please increase ls_iterations to 20
linesearch iterations limit reached - please increase ls_iterations to 20
linesearch iterations limit reached - please increase ls_iterations to 20
linesearch iterations limit reached - please increase ls_iterations to 20
linesearch iterations limit reached - please increase ls_iterations to 20
linesearch iterations limit reached - please increase ls_iterations to 20
linesearch iterations limit reached - please increase ls_iterations to 20
linesearch iterations limit reached - please increase ls_iterations to 20
linesearch iterations limit reached - please increase ls_iterations to 20
linesearch iterations limit reached - please increase ls_iterations to 20
linesearch iterations limit reached - please increase ls_iterations to 20
linesearch iterations limit reached - please increase ls_iterations to 20
linesearch iterations limit reached - please increase ls_iterations to 20
linesearch iterations limit reached - please increase ls_iterations to 20
linesearch iterations limit reached - please increase ls_iterations to 20
linesearch iterations limit reached - please increase ls_iterations to 20
linesearch iterations limit reached - please increase ls_iterations to 20
linesearch iterations limit reached - please increase ls_iterations to 20
linesearch iterations limit reached - please increase ls_iterations to 20
linesearch iterations limit reached - please increase ls_iterations to 20
linesearch iterations limit reached - please increase ls_iterations to 20
linesearch iterations limit reached - please increase ls_iterations to 20
linesearch iterations limit reached - please increase ls_iterations to 20
linesearch iterations limit reached - please increase ls_iterations to 20
linesearch iterations limit reached - please increase ls_iterations to 20
linesearch iterations limit reached - please increase ls_iterations to 20
linesearch iterations limit reached - please increase ls_iterations to 20
linesearch iterations limit reached - please increase ls_iterations to 20
linesearch iterations limit reached - please increase ls_iterations to 20
linesearch iterations limit reached - please increase ls_iterations to 20
linesearch iterations limit reached - please increase ls_iterations to 20
linesearch iterations limit reached - please increase ls_iterations to 20
linesearch iterations limit reached - please increase ls_iterations to 20
linesearch iterations limit reached - please increase ls_iterations to 20
linesearch iterations limit reached - please increase ls_iterations to 20
linesearch iterations limit reached - please increase ls_iterations to 20
linesearch iterations limit reached - please increase ls_iterations to 20
linesearch iterations limit reached - please increase ls_iterations to 20
linesearch iterations limit reached - please increase ls_iterations to 20
linesearch iterations limit reached - please increase ls_iterations to 20
linesearch iterations limit reached - please increase ls_iterations to 20
linesearch iterations limit reached - please increase ls_iterations to 20
linesearch iterations limit reached - please increase ls_iterations to 20
linesearch iterations limit reached - please increase ls_iterations to 20
linesearch iterations limit reached - please increase ls_iterations to 20
linesearch iterations limit reached - please increase ls_iterations to 20
linesearch iterations limit reached - please increase ls_iterations to 20
linesearch iterations limit reached - please increase ls_iterations to 20
linesearch iterations limit reached - please increase ls_iterations to 20
linesearch iterations limit reached - please increase ls_iterations to 20
linesearch iterations limit reached - please increase ls_iterations to 20
linesearch iterations limit reached - please increase ls_iterations to 20
linesearch iterations limit reached - please increase ls_iterations to 20
linesearch iterations limit reached - please increase ls_iterations to 20
linesearch iterations limit reached - please increase ls_iterations to 20
linesearch iterations limit reached - please increase ls_iterations to 20
linesearch iterations limit reached - please increase ls_iterations to 20
linesearch iterations limit reached - please increase ls_iterations to 20
linesearch iterations limit reached - please increase ls_iterations to 20
linesearch iterations limit reached - please increase ls_iterations to 20
linesearch iterations limit reached - please increase ls_iterations to 20
linesearch iterations limit reached - please increase ls_iterations to 20
linesearch iterations limit reached - please increase ls_iterations to 20
linesearch iterations limit reached - please increase ls_iterations to 20
linesearch iterations limit reached - please increase ls_iterations to 20
linesearch iterations limit reached - please increase ls_iterations to 20
linesearch iterations limit reached - please increase ls_iterations to 20
linesearch iterations limit reached - please increase ls_iterations to 20
linesearch iterations limit reached - please increase ls_iterations to 20
linesearch iterations limit reached - please increase ls_iterations to 20
linesearch iterations limit reached - please increase ls_iterations to 20
linesearch iterations limit reached - please increase ls_iterations to 20
linesearch iterations limit reached - please increase ls_iterations to 20
linesearch iterations limit reached - please increase ls_iterations to 20
linesearch iterations limit reached - please increase ls_iterations to 20
linesearch iterations limit reached - please increase ls_iterations to 20
linesearch iterations limit reached - please increase ls_iterations to 20
linesearch iterations limit reached - please increase ls_iterations to 20
linesearch iterations limit reached - please increase ls_iterations to 20
linesearch iterations limit reached - please increase ls_iterations to 20
linesearch iterations limit reached - please increase ls_iterations to 20
linesearch iterations limit reached - please increase ls_iterations to 20
linesearch iterations limit reached - please increase ls_iterations to 20
linesearch iterations limit reached - please increase ls_iterations to 20
linesearch iterations limit reached - please increase ls_iterations to 20
linesearch iterations limit reached - please increase ls_iterations to 20
linesearch iterations limit reached - please increase ls_iterations to 20
linesearch iterations limit reached - please increase ls_iterations to 20
linesearch iterations limit reached - please increase ls_iterations to 20
linesearch iterations limit reached - please increase ls_iterations to 20
linesearch iterations limit reached - please increase ls_iterations to 20
linesearch iterations limit reached - please increase ls_iterations to 20
linesearch iterations limit reached - please increase ls_iterations to 20
linesearch iterations limit reached - please increase ls_iterations to 20
linesearch iterations limit reached - please increase ls_iterations to 20
linesearch iterations limit reached - please increase ls_iterations to 20
linesearch iterations limit reached - please increase ls_iterations to 20
linesearch iterations limit reached - please increase ls_iterations to 20
linesearch iterations limit reached - please increase ls_iterations to 20
linesearch iterations limit reached - please increase ls_iterations to 20
linesearch iterations limit reached - please increase ls_iterations to 20
linesearch iterations limit reached - please increase ls_iterations to 20
linesearch iterations limit reached - please increase ls_iterations to 20
linesearch iterations limit reached - please increase ls_iterations to 20
linesearch iterations limit reached - please increase ls_iterations to 20
linesearch iterations limit reached - please increase ls_iterations to 20
linesearch iterations limit reached - please increase ls_iterations to 20
linesearch iterations limit reached - please increase ls_iterations to 20
linesearch iterations limit reached - please increase ls_iterations to 20
linesearch iterations limit reached - please increase ls_iterations to 20
linesearch iterations limit reached - please increase ls_iterations to 20
linesearch iterations limit reached - please increase ls_iterations to 20
linesearch iterations limit reached - please increase ls_iterations to 20
linesearch iterations limit reached - please increase ls_iterations to 20
linesearch iterations limit reached - please increase ls_iterations to 20
linesearch iterations limit reached - please increase ls_iterations to 20
linesearch iterations limit reached - please increase ls_iterations to 20
linesearch iterations limit reached - please increase ls_iterations to 20
linesearch iterations limit reached - please increase ls_iterations to 20
linesearch iterations limit reached - please increase ls_iterations to 20
linesearch iterations limit reached - please increase ls_iterations to 20
linesearch iterations limit reached - please increase ls_iterations to 20
linesearch iterations limit reached - please increase ls_iterations to 20
linesearch iterations limit reached - please increase ls_iterations to 20
linesearch iterations limit reached - please increase ls_iterations to 20
linesearch iterations limit reached - please increase ls_iterations to 20
linesearch iterations limit reached - please increase ls_iterations to 20
linesearch iterations limit reached - please increase ls_iterations to 20
linesearch iterations limit reached - please increase ls_iterations to 20
linesearch iterations limit reached - please increase ls_iterations to 20
linesearch iterations limit reached - please increase ls_iterations to 20
linesearch iterations limit reached - please increase ls_iterations to 20
linesearch iterations limit reached - please increase ls_iterations to 20
linesearch iterations limit reached - please increase ls_iterations to 20
linesearch iterations limit reached - please increase ls_iterations to 20
linesearch iterations limit reached - please increase ls_iterations to 20
linesearch iterations limit reached - please increase ls_iterations to 20
linesearch iterations limit reached - please increase ls_iterations to 20
linesearch iterations limit reached - please increase ls_iterations to 20
linesearch iterations limit reached - please increase ls_iterations to 20
linesearch iterations limit reached - please increase ls_iterations to 20
linesearch iterations limit reached - please increase ls_iterations to 20
linesearch iterations limit reached - please increase ls_iterations to 20
linesearch iterations limit reached - please increase ls_iterations to 20
linesearch iterations limit reached - please increase ls_iterations to 20
linesearch iterations limit reached - please increase ls_iterations to 20
linesearch iterations limit reached - please increase ls_iterations to 20
linesearch iterations limit reached - please increase ls_iterations to 20
linesearch iterations limit reached - please increase ls_iterations to 20
linesearch iterations limit reached - please increase ls_iterations to 20
linesearch iterations limit reached - please increase ls_iterations to 20
linesearch iterations limit reached - please increase ls_iterations to 20
linesearch iterations limit reached - please increase ls_iterations to 20
linesearch iterations limit reached - please increase ls_iterations to 20
linesearch iterations limit reached - please increase ls_iterations to 20
linesearch iterations limit reached - please increase ls_iterations to 20
linesearch iterations limit reached - please increase ls_iterations to 20
linesearch iterations limit reached - please increase ls_iterations to 20
linesearch iterations limit reached - please increase ls_iterations to 20
linesearch iterations limit reached - please increase ls_iterations to 20
linesearch iterations limit reached - please increase ls_iterations to 20
linesearch iterations limit reached - please increase ls_iterations to 20
linesearch iterations limit reached - please increase ls_iterations to 20
linesearch iterations limit reached - please increase ls_iterations to 20
linesearch iterations limit reached - please increase ls_iterations to 20
linesearch iterations limit reached - please increase ls_iterations to 20
linesearch iterations limit reached - please increase ls_iterations to 20
linesearch iterations limit reached - please increase ls_iterations to 20
linesearch iterations limit reached - please increase ls_iterations to 20
linesearch iterations limit reached - please increase ls_iterations to 20
linesearch iterations limit reached - please increase ls_iterations to 20
linesearch iterations limit reached - please increase ls_iterations to 20
linesearch iterations limit reached - please increase ls_iterations to 20
linesearch iterations limit reached - please increase ls_iterations to 20
linesearch iterations limit reached - please increase ls_iterations to 20
linesearch iterations limit reached - please increase ls_iterations to 20
linesearch iterations limit reached - please increase ls_iterations to 20
linesearch iterations limit reached - please increase ls_iterations to 20
linesearch iterations limit reached - please increase ls_iterations to 20
linesearch iterations limit reached - please increase ls_iterations to 20
linesearch iterations limit reached - please increase ls_iterations to 20
linesearch iterations limit reached - please increase ls_iterations to 20
linesearch iterations limit reached - please increase ls_iterations to 20
linesearch iterations limit reached - please increase ls_iterations to 20
linesearch iterations limit reached - please increase ls_iterations to 20
linesearch iterations limit reached - please increase ls_iterations to 20
linesearch iterations limit reached - please increase ls_iterations to 20
linesearch iterations limit reached - please increase ls_iterations to 20
linesearch iterations limit reached - please increase ls_iterations to 20
linesearch iterations limit reached - please increase ls_iterations to 20
linesearch iterations limit reached - please increase ls_iterations to 20
linesearch iterations limit reached - please increase ls_iterations to 20
linesearch iterations limit reached - please increase ls_iterations to 20
linesearch iterations limit reached - please increase ls_iterations to 20
linesearch iterations limit reached - please increase ls_iterations to 20
linesearch iterations limit reached - please increase ls_iterations to 20
linesearch iterations limit reached - please increase ls_iterations to 20
linesearch iterations limit reached - please increase ls_iterations to 20
linesearch iterations limit reached - please increase ls_iterations to 20
linesearch iterations limit reached - please increase ls_iterations to 20
linesearch iterations limit reached - please increase ls_iterations to 20
linesearch iterations limit reached - please increase ls_iterations to 20
linesearch iterations limit reached - please increase ls_iterations to 20
linesearch iterations limit reached - please increase ls_iterations to 20
linesearch iterations limit reached - please increase ls_iterations to 20
linesearch iterations limit reached - please increase ls_iterations to 20
linesearch iterations limit reached - please increase ls_iterations to 20
linesearch iterations limit reached - please increase ls_iterations to 20
linesearch iterations limit reached - please increase ls_iterations to 20
linesearch iterations limit reached - please increase ls_iterations to 20
linesearch iterations limit reached - please increase ls_iterations to 20
linesearch iterations limit reached - please increase ls_iterations to 20
linesearch iterations limit reached - please increase ls_iterations to 20
linesearch iterations limit reached - please increase ls_iterations to 20
linesearch iterations limit reached - please increase ls_iterations to 20
linesearch iterations limit reached - please increase ls_iterations to 20
linesearch iterations limit reached - please increase ls_iterations to 20
linesearch iterations limit reached - please increase ls_iterations to 20
linesearch iterations limit reached - please increase ls_iterations to 20
linesearch iterations limit reached - please increase ls_iterations to 20
linesearch iterations limit reached - please increase ls_iterations to 20
linesearch iterations limit reached - please increase ls_iterations to 20
linesearch iterations limit reached - please increase ls_iterations to 20
linesearch iterations limit reached - please increase ls_iterations to 20
linesearch iterations limit reached - please increase ls_iterations to 20
linesearch iterations limit reached - please increase ls_iterations to 20
linesearch iterations limit reached - please increase ls_iterations to 20
linesearch iterations limit reached - please increase ls_iterations to 20
linesearch iterations limit reached - please increase ls_iterations to 20
linesearch iterations limit reached - please increase ls_iterations to 20
linesearch iterations limit reached - please increase ls_iterations to 20
linesearch iterations limit reached - please increase ls_iterations to 20
linesearch iterations limit reached - please increase ls_iterations to 20
linesearch iterations limit reached - please increase ls_iterations to 20
linesearch iterations limit reached - please increase ls_iterations to 20
linesearch iterations limit reached - please increase ls_iterations to 20
linesearch iterations limit reached - please increase ls_iterations to 20
linesearch iterations limit reached - please increase ls_iterations to 20
linesearch iterations limit reached - please increase ls_iterations to 20
linesearch iterations limit reached - please increase ls_iterations to 20
linesearch iterations limit reached - please increase ls_iterations to 20
linesearch iterations limit reached - please increase ls_iterations to 20
linesearch iterations limit reached - please increase ls_iterations to 20
linesearch iterations limit reached - please increase ls_iterations to 20
linesearch iterations limit reached - please increase ls_iterations to 20
linesearch iterations limit reached - please increase ls_iterations to 20
linesearch iterations limit reached - please increase ls_iterations to 20
linesearch iterations limit reached - please increase ls_iterations to 20
linesearch iterations limit reached - please increase ls_iterations to 20
linesearch iterations limit reached - please increase ls_iterations to 20
linesearch iterations limit reached - please increase ls_iterations to 20
linesearch iterations limit reached - please increase ls_iterations to 20
linesearch iterations limit reached - please increase ls_iterations to 20
linesearch iterations limit reached - please increase ls_iterations to 20
linesearch iterations limit reached - please increase ls_iterations to 20
linesearch iterations limit reached - please increase ls_iterations to 20
linesearch iterations limit reached - please increase ls_iterations to 20
linesearch iterations limit reached - please increase ls_iterations to 20
linesearch iterations limit reached - please increase ls_iterations to 20
linesearch iterations limit reached - please increase ls_iterations to 20
linesearch iterations limit reached - please increase ls_iterations to 20
linesearch iterations limit reached - please increase ls_iterations to 20
linesearch iterations limit reached - please increase ls_iterations to 20
linesearch iterations limit reached - please increase ls_iterations to 20
linesearch iterations limit reached - please increase ls_iterations to 20
linesearch iterations limit reached - please increase ls_iterations to 20
linesearch iterations limit reached - please increase ls_iterations to 20
linesearch iterations limit reached - please increase ls_iterations to 20
linesearch iterations limit reached - please increase ls_iterations to 20
linesearch iterations limit reached - please increase ls_iterations to 20
linesearch iterations limit reached - please increase ls_iterations to 20
linesearch iterations limit reached - please increase ls_iterations to 20
linesearch iterations limit reached - please increase ls_iterations to 20
linesearch iterations limit reached - please increase ls_iterations to 20
linesearch iterations limit reached - please increase ls_iterations to 20
linesearch iterations limit reached - please increase ls_iterations to 20
linesearch iterations limit reached - please increase ls_iterations to 20
linesearch iterations limit reached - please increase ls_iterations to 20
linesearch iterations limit reached - please increase ls_iterations to 20
linesearch iterations limit reached - please increase ls_iterations to 20
linesearch iterations limit reached - please increase ls_iterations to 20
linesearch iterations limit reached - please increase ls_iterations to 20
linesearch iterations limit reached - please increase ls_iterations to 20
linesearch iterations limit reached - please increase ls_iterations to 20
linesearch iterations limit reached - please increase ls_iterations to 20
linesearch iterations limit reached - please increase ls_iterations to 20
linesearch iterations limit reached - please increase ls_iterations to 20
linesearch iterations limit reached - please increase ls_iterations to 20
linesearch iterations limit reached - please increase ls_iterations to 20
linesearch iterations limit reached - please increase ls_iterations to 20
linesearch iterations limit reached - please increase ls_iterations to 20
linesearch iterations limit reached - please increase ls_iterations to 20
linesearch iterations limit reached - please increase ls_iterations to 20
linesearch iterations limit reached - please increase ls_iterations to 20
linesearch iterations limit reached - please increase ls_iterations to 20
linesearch iterations limit reached - please increase ls_iterations to 20
linesearch iterations limit reached - please increase ls_iterations to 20
linesearch iterations limit reached - please increase ls_iterations to 20
linesearch iterations limit reached - please increase ls_iterations to 20
linesearch iterations limit reached - please increase ls_iterations to 20
linesearch iterations limit reached - please increase ls_iterations to 20
test_arming_wrote_the_goal_then_the_limit_then_enabled_torque (tests.test_leader_feedback_loop.TestFreeSpaceStaysFreeAndAWallIsFelt.test_arming_wrote_the_goal_then_the_limit_then_enabled_torque) ... ok
test_backing_away_lets_go (tests.test_leader_feedback_loop.TestFreeSpaceStaysFreeAndAWallIsFelt.test_backing_away_lets_go) ... ok
test_each_arm_serves_the_dwell_before_it_is_live (tests.test_leader_feedback_loop.TestFreeSpaceStaysFreeAndAWallIsFelt.test_each_arm_serves_the_dwell_before_it_is_live)
Nothing may energize off the first samples: the jaws are still ... ok
test_in_free_space_every_correction_is_exactly_zero (tests.test_leader_feedback_loop.TestFreeSpaceStaysFreeAndAWallIsFelt.test_in_free_space_every_correction_is_exactly_zero) ... ok
test_in_free_space_no_torque_register_is_enabled (tests.test_leader_feedback_loop.TestFreeSpaceStaysFreeAndAWallIsFelt.test_in_free_space_no_torque_register_is_enabled)
What a motor would have seen: nothing. Checked on the bus, not on the decisions. ... ok
test_nothing_faulted_and_the_scene_stayed_finite (tests.test_leader_feedback_loop.TestFreeSpaceStaysFreeAndAWallIsFelt.test_nothing_faulted_and_the_scene_stayed_finite) ... ok
test_the_blocked_joint_s_correction_leaves_the_deadband_capped_and_pointing_back (tests.test_leader_feedback_loop.TestFreeSpaceStaysFreeAndAWallIsFelt.test_the_blocked_joint_s_correction_leaves_the_deadband_capped_and_pointing_back) ... ok
test_the_free_pass_was_a_real_motion_and_the_follower_kept_up (tests.test_leader_feedback_loop.TestFreeSpaceStaysFreeAndAWallIsFelt.test_the_free_pass_was_a_real_motion_and_the_follower_kept_up)
Not vacuous: the arm travelled, briskly, and the mismatch stayed ... ok
test_the_goal_in_the_servo_s_register_is_that_target_in_its_own_counts (tests.test_leader_feedback_loop.TestFreeSpaceStaysFreeAndAWallIsFelt.test_the_goal_in_the_servo_s_register_is_that_target_in_its_own_counts)
Through a calibration whose encoders count backwards: the goal is ... ok
test_the_jaw_the_wall_pushes_shut_is_felt_on_the_grip_slot (tests.test_leader_feedback_loop.TestFreeSpaceStaysFreeAndAWallIsFelt.test_the_jaw_the_wall_pushes_shut_is_felt_on_the_grip_slot)
The hand's inboard finger meets the wall first and is pushed closed ... ok
test_the_joints_the_wall_does_not_load_stay_dark (tests.test_leader_feedback_loop.TestFreeSpaceStaysFreeAndAWallIsFelt.test_the_joints_the_wall_does_not_load_stay_dark)
A sideways push is carried by the base joint and the jaw; the two ... ok
test_the_other_arm_swung_through_the_same_motion_and_felt_nothing (tests.test_leader_feedback_loop.TestFreeSpaceStaysFreeAndAWallIsFelt.test_the_other_arm_swung_through_the_same_motion_and_felt_nothing)
The control: the left arm's inward 0.6 rad is outward for it, into empty space. ... ok
test_the_wall_stops_the_simulated_arm_short_of_the_leader (tests.test_leader_feedback_loop.TestFreeSpaceStaysFreeAndAWallIsFelt.test_the_wall_stops_the_simulated_arm_short_of_the_leader) ... ok
test_a_field_left_at_its_default_is_not_nagged_about (tests.test_material_loss_is_loud.TestALostMaterialFieldIsLoud.test_a_field_left_at_its_default_is_not_nagged_about)
Only what was *stated* is lost; defaults were never a decision. ... ok
test_a_kind_s_own_builder_sharpens_the_engine_s_declaration (tests.test_material_loss_is_loud.TestALostMaterialFieldIsLoud.test_a_kind_s_own_builder_sharpens_the_engine_s_declaration)
The stub engine declares four keys; its shell builder declares two, and wins. ... ok
test_a_param_the_engine_never_reads_is_named (tests.test_material_loss_is_loud.TestALostMaterialFieldIsLoud.test_a_param_the_engine_never_reads_is_named)
Engine side: ``friction`` crosses in the actor and ``probe_loud_engine`` does not consume it. ... ok
test_a_stated_field_that_never_crosses_is_named (tests.test_material_loss_is_loud.TestALostMaterialFieldIsLoud.test_a_stated_field_that_never_crosses_is_named)
Entity side: a fabric that states ``edge_ke`` and never hands it to any engine. ... ok
test_an_engine_that_declares_nothing_is_not_checked (tests.test_material_loss_is_loud.TestALostMaterialFieldIsLoud.test_an_engine_that_declares_nothing_is_not_checked) ... ok
test_each_scene_example_builds_steps_and_stays_finite (tests.test_new_examples.TestTheNewExamplesRun.test_each_scene_example_builds_steps_and_stays_finite) ... /tmp/rss-newton-study/RoboSimStudio/robosimstudio/scene/physics/backends.py:112: DeprecationWarning: Omitting rigid_compliant_alm is deprecated as of Newton 1.6 because the default will change from the legacy penalty/AVBD path (False) to unified compliant ALM (True), which is becoming the standard for rigid VBD. The legacy path is deprecated and will be removed in a future release. Pass rigid_compliant_alm=True to adopt compliant ALM now, or rigid_compliant_alm=False to keep the legacy path during the migration window.
  return cls(model=view, **kwargs)
/tmp/rss-newton-study/RoboSimStudio/robosimstudio/scene/physics/couplers.py:152: DeprecationWarning: The soft_contact_margin parameter of CollisionPipeline is deprecated; use soft_contact_gap (same value: detection-only distance added to the particle radius).
  return newton.CollisionPipeline(view, **kwargs)
/tmp/rss-newton-study/RoboSimStudio/robosimstudio/scene/physics/compose.py:634: DeprecationWarning: The soft_contact_margin parameter of CollisionPipeline is deprecated; use soft_contact_gap (same value: detection-only distance added to the particle radius).
  collision = newton.CollisionPipeline(model, **kwargs)
/tmp/rss-newton-study/RoboSimStudio/robosimstudio/scene/physics/couplers.py:411: DeprecationWarning: particle_self_contact_radius is deprecated; use particle_self_contact_margin (interaction distance) and particle_self_contact_gap (extra detection reach, query radius = margin + gap) instead. With radius set, particle_self_contact_margin keeps its legacy meaning (detection query radius).
  return build_solver(island.backend, ctx.model, has_particles=particles)
/tmp/rss-newton-study/RoboSimStudio/robosimstudio/scene/physics/couplers.py:87: DeprecationWarning: particle_self_contact_radius is deprecated; use particle_self_contact_margin (interaction distance) and particle_self_contact_gap (extra detection reach, query radius = margin + gap) instead. With radius set, particle_self_contact_margin keeps its legacy meaning (detection query radius).
  lambda view, spec=island.backend, particles=bool(island.particles.size): build_solver(
ok
test_the_first_three_print_what_they_build (tests.test_new_examples.TestTheNewExamplesRun.test_the_first_three_print_what_they_build) ... ok
test_the_render_example_writes_a_png_per_backend (tests.test_new_examples.TestTheNewExamplesRun.test_the_render_example_writes_a_png_per_backend) ... ok
test_loading_either_file_twice_does_not_fail (tests.test_new_examples.TestTheOwnImplementations.test_loading_either_file_twice_does_not_fail) ... ok
test_the_block_is_built_by_the_files_own_class (tests.test_new_examples.TestTheOwnImplementations.test_the_block_is_built_by_the_files_own_class) ... ok
test_the_sheet_is_built_by_the_files_own_class (tests.test_new_examples.TestTheOwnImplementations.test_the_sheet_is_built_by_the_files_own_class) ... ok
test_the_button_tosses_the_cube_and_the_readout_follows (tests.test_new_examples.TestThePanelExample.test_the_button_tosses_the_cube_and_the_readout_follows) ... ok
test_the_inline_robot_is_unregistered_indexed_and_solves (tests.test_new_examples.TestTheRobotExample.test_the_inline_robot_is_unregistered_indexed_and_solves) ... ok
linesearch iterations limit reached - please increase ls_iterations to 20
Viser server running at: http://localhost:8991
[arm_ik] model has 184 joint coords (LM cholesky tile overflows shared memory); cartesian tracking runs the FD solver instead
[arm_ik] model has 184 joint coords (LM cholesky tile overflows shared memory); cartesian tracking runs the FD solver instead
Module _small_cholesky_factorize_block__locals__kernel_79a57364 20d25ea load on device 'cuda:0' took 1.68 ms  (cached)
Module _small_cholesky_solve_block__locals__kernel_c4e2dcc2 4c4cbb4 load on device 'cuda:0' took 1.35 ms  (cached)
Module _friction_dof__locals__kernel_22ded5f6 22ded5f load on device 'cuda:0' took 234.11 ms  (compiled)
Module _efc_contact_init__locals__kernel_6bd38bb8 6bd38bb load on device 'cuda:0' took 157.00 ms  (compiled)
Module _efc_contact_jac_dense__locals__kernel_b0c1fdf8 5fcbd59 load on device 'cuda:0' took 373.35 ms  (compiled)
Module _efc_contact_update__locals__kernel_0221ea98 0221ea9 load on device 'cuda:0' took 255.63 ms  (compiled)
Module _small_cholesky_factorize_solve_block__locals__kernel_9da335f1 a5c2521 load on device 'cuda:0' took 392.05 ms  (compiled)
Module _solve_init_dof__locals__kernel_021c7a0e 021c7a0 load on device 'cuda:0' took 97.41 ms  (compiled)
Module _solve_init_jaref_kernel__locals__kernel_f7cae18b f7cae18 load on device 'cuda:0' took 145.30 ms  (compiled)
Module _update_constraint_init_qfrc_constraint_dense__locals__kernel_bd7ca2ec bd7ca2e load on device 'cuda:0' took 134.19 ms  (compiled)
Module _update_gradient_JTDAJ_dense_tiled__locals__kernel_61eb0ec0 89bfaf2 load on device 'cuda:0' took 495.36 ms  (compiled)
Module _update_gradient_cholesky__locals__kernel_5d37b712 3092a2d load on device 'cuda:0' took 5858.43 ms  (compiled)
Module _linesearch_iterative_kernel__locals__kernel_7b6ae456 37b92b5 load on device 'cuda:0' took 851.10 ms  (compiled)
Module _update_constraint_efc__locals__kernel_e953547e e953547 load on device 'cuda:0' took 225.79 ms  (compiled)
Module _update_constraint_init_qfrc_constraint_dense__locals__kernel_d92a3413 d92a341 load on device 'cuda:0' took 133.54 ms  (compiled)
Module _update_gradient_zero_grad_dot__locals__kernel_e9f8c963 e9f8c96 load on device 'cuda:0' took 119.64 ms  (compiled)
Module _update_gradient_grad__locals__kernel_87959044 8795904 load on device 'cuda:0' took 109.91 ms  (compiled)
Module _update_gradient_cholesky__locals__kernel_5bef8016 d05526c load on device 'cuda:0' took 1954.59 ms  (compiled)
Module tests.test_extension_surface ae9c501 load on device 'cuda:0' took 143.34 ms  (compiled)
╭────── viser (listening *:8937) ───────╮
│             ╷                         │
│   HTTP      │ http://localhost:8937   │
│   Websocket │ ws://localhost:8937     │
│             ╵                         │
╰───────────────────────────────────────╯
/tmp/rss-newton-study/RoboSimStudio/robosimstudio_studio/session.py:1146: DeprecationWarning: `control_layout` is deprecated; use `main_panel` placement instead, e.g. `server.gui.main_panel.dock_right()`. Both "collapsible" and "fixed" now dock the control panel to the right edge.
  gui.configure_theme(control_layout="collapsible", dark_mode=self.config.dark_mode)
test_dragging_a_box_moves_the_box (tests.test_robot_drag.TestADragOnARealPageActuallyMoves.test_dragging_a_box_moves_the_box) ... ok
test_dragging_a_towel_moves_the_towel (tests.test_robot_drag.TestADragOnARealPageActuallyMoves.test_dragging_a_towel_moves_the_towel) ... ok
test_the_hooks_survive_the_sessions_own_reset (tests.test_robot_drag.TestADragOnARealPageActuallyMoves.test_the_hooks_survive_the_sessions_own_reset) ... ok
test_a_click_on_a_link_puts_a_handle_on_it (tests.test_robot_drag.TestARobotLinkIsGrabbable.test_a_click_on_a_link_puts_a_handle_on_it) ... ok
test_each_arm_owns_its_own_links (tests.test_robot_drag.TestARobotLinkIsGrabbable.test_each_arm_owns_its_own_links)
Disjoint chains, where ``shapes`` would have said both arms own everything. ... ok
test_holding_one_arm_does_not_hold_the_other (tests.test_robot_drag.TestARobotLinkIsGrabbable.test_holding_one_arm_does_not_hold_the_other) ... ok
test_the_links_are_in_the_body_table (tests.test_robot_drag.TestARobotLinkIsGrabbable.test_the_links_are_in_the_body_table) ... ok
test_the_wrench_is_sized_by_the_whole_arm (tests.test_robot_drag.TestARobotLinkIsGrabbable.test_the_wrench_is_sized_by_the_whole_arm)
A wrist link weighs grams; a handle clamped to its own mass stalls. ... ok
linesearch iterations limit reached - please increase ls_iterations to 20
test_selecting_an_arm_reseats_its_cursor_on_the_hand (tests.test_robot_drag.TestClickingAnArmBringsItsGizmo.test_selecting_an_arm_reseats_its_cursor_on_the_hand) ... ok
test_selecting_another_arm_leaves_this_one_alone (tests.test_robot_drag.TestClickingAnArmBringsItsGizmo.test_selecting_another_arm_leaves_this_one_alone) ... ok
linesearch iterations limit reached - please increase ls_iterations to 20
test_the_arm_stays_where_it_was_left (tests.test_robot_drag.TestTheArmStopsResistingWhileHeld.test_the_arm_stays_where_it_was_left)
Letting go hands driving back mid-air rather than snapping to a stale pose. ... linesearch iterations limit reached - please increase ls_iterations to 20
ok
test_the_target_tracks_the_arm_while_a_link_is_held (tests.test_robot_drag.TestTheArmStopsResistingWhileHeld.test_the_target_tracks_the_arm_while_a_link_is_held)
Two halves, and neither is enough alone. ... ok
test_a_position_is_a_pose_with_no_rotation (tests.test_robot_placement.TestARobotStandsWhereAtSays.test_a_position_is_a_pose_with_no_rotation) ... ok
test_a_yaw_turns_the_arm_about_its_base (tests.test_robot_placement.TestARobotStandsWhereAtSays.test_a_yaw_turns_the_arm_about_its_base) ... ok
test_at_is_in_the_work_surface_frame (tests.test_robot_placement.TestARobotStandsWhereAtSays.test_at_is_in_the_work_surface_frame)
The same ``at`` on a bench and on the bare floor differs by the bench's ... ok
test_at_its_own_mount_is_the_default_scene (tests.test_robot_placement.TestARobotStandsWhereAtSays.test_at_its_own_mount_is_the_default_scene) ... linesearch iterations limit reached - please increase ls_iterations to 20
linesearch iterations limit reached - please increase ls_iterations to 20
ok
test_moving_at_moves_the_robot_by_the_same_vector (tests.test_robot_placement.TestARobotStandsWhereAtSays.test_moving_at_moves_the_robot_by_the_same_vector) ... linesearch iterations limit reached - please increase ls_iterations to 20
ok
test_at_and_a_binding_mount_together_are_refused (tests.test_robot_placement.TestTwoWaysToSayWhere.test_at_and_a_binding_mount_together_are_refused) ... ok
test_a_second_click_on_a_body_releases_it (tests.test_studio_grip_and_handles.TestClickingAgainLetsGo.test_a_second_click_on_a_body_releases_it) ... linesearch iterations limit reached - please increase ls_iterations to 20
Viser server running at: http://localhost:8937
Module _lm_solve_tiled_22_28_4a78e7d0 839ef8a load on device 'cuda:0' took 70753.97 ms  (compiled)
╭────── viser (listening *:8933) ───────╮
│             ╷                         │
│   HTTP      │ http://localhost:8933   │
│   Websocket │ ws://localhost:8933     │
│             ╵                         │
╰───────────────────────────────────────╯
ok
test_a_second_click_on_a_cloth_grip_releases_it (tests.test_studio_grip_and_handles.TestClickingAgainLetsGo.test_a_second_click_on_a_cloth_grip_releases_it) ... linesearch iterations limit reached - please increase ls_iterations to 20
Viser server running at: http://localhost:8933
╭────── viser (listening *:8934) ───────╮
│             ╷                         │
│   HTTP      │ http://localhost:8934   │
│   Websocket │ ws://localhost:8934     │
│             ╵                         │
╰───────────────────────────────────────╯
ok
test_clicking_elsewhere_on_the_same_sheet_adds_a_second_grip (tests.test_studio_grip_and_handles.TestClickingAgainLetsGo.test_clicking_elsewhere_on_the_same_sheet_adds_a_second_grip)
The toggle must not turn a two-handed hold into a one-handed one. ... linesearch iterations limit reached - please increase ls_iterations to 20
Viser server running at: http://localhost:8934
╭────── viser (listening *:8935) ───────╮
│             ╷                         │
│   HTTP      │ http://localhost:8935   │
│   Websocket │ ws://localhost:8935     │
│             ╵                         │
╰───────────────────────────────────────╯
ok
Viser server running at: http://localhost:8935
╭────── viser (listening *:8936) ───────╮
│             ╷                         │
│   HTTP      │ http://localhost:8936   │
│   Websocket │ ws://localhost:8936     │
│             ╵                         │
╰───────────────────────────────────────╯
test_a_reset_still_opens_the_hand (tests.test_studio_grip_and_handles.TestStoppingAPolicyHoldsWhatItHeld.test_a_reset_still_opens_the_hand)
The other half: a fresh episode starts from an open hand, and the ... ok
test_the_hand_keeps_the_grip_the_policy_left (tests.test_studio_grip_and_handles.TestStoppingAPolicyHoldsWhatItHeld.test_the_hand_keeps_the_grip_the_policy_left) ... ok
linesearch iterations limit reached - please increase ls_iterations to 20
Viser server running at: http://localhost:8935
╭────── viser (listening *:8931) ───────╮
│             ╷                         │
│   HTTP      │ http://localhost:8931   │
│   Websocket │ ws://localhost:8931     │
│             ╵                         │
╰───────────────────────────────────────╯
test_one_click_shuts_the_hand_and_one_opens_it (tests.test_studio_grip_and_handles.TestTheGrip.test_one_click_shuts_the_hand_and_one_opens_it)
What the slider took a drag to say. ... ok
test_the_arm_folder_opens_by_default (tests.test_studio_grip_and_handles.TestTheGrip.test_the_arm_folder_opens_by_default)
Half of what a person came here to do should not start behind a fold. ... ok
test_the_grip_button_is_there_and_writes_only_a_request (tests.test_studio_grip_and_handles.TestTheGrip.test_the_grip_button_is_there_and_writes_only_a_request) ... ok
test_the_request_is_applied_on_the_main_thread_not_in_the_callback (tests.test_studio_grip_and_handles.TestTheGrip.test_the_request_is_applied_on_the_main_thread_not_in_the_callback)
The panel contract: a callback assigns, ``drain`` acts. Asserted because ... ok
test_a_cloth_page_refreshes_without_a_document (tests.test_studio_panels.TestABareScenePageIsUsable.test_a_cloth_page_refreshes_without_a_document)
``PanelCloth`` read ``env.doc`` and ``env.last_context`` outright, and ... Viser server running at: http://localhost:8931
╭────── viser (listening *:8962) ───────╮
│             ╷                         │
│   HTTP      │ http://localhost:8962   │
│   Websocket │ ws://localhost:8962     │
│             ╵                         │
╰───────────────────────────────────────╯
ok
test_a_robot_and_nothing_loose_still_gets_an_object_panel (tests.test_studio_panels.TestABareScenePageIsUsable.test_a_robot_and_nothing_loose_still_gets_an_object_panel)
Gated on the objects table alone, a page whose only movable thing was ... Viser server running at: http://localhost:8962
Module _lm_solve_tiled_15_21_ff235b1e 6dc0d21 load on device 'cuda:0' took 70761.04 ms  (compiled)
╭────── viser (listening *:8961) ───────╮
│             ╷                         │
│   HTTP      │ http://localhost:8961   │
│   Websocket │ ws://localhost:8961     │
│             ╵                         │
╰───────────────────────────────────────╯
ok
test_reset_works_on_a_scene_with_no_task (tests.test_studio_panels.TestABareScenePageIsUsable.test_reset_works_on_a_scene_with_no_task)
``Env.reset`` takes an episode and ``EnvBase.reset`` does not. ``adopt`` ... Viser server running at: http://localhost:8961
╭────── viser (listening *:8963) ───────╮
│             ╷                         │
│   HTTP      │ http://localhost:8963   │
│   Websocket │ ws://localhost:8963     │
│             ╵                         │
╰───────────────────────────────────────╯
ok
test_a_selected_page_builds_no_per_kind_folds (tests.test_studio_panels.TestLettingGoIsVisible.test_a_selected_page_builds_no_per_kind_folds)
``Objects`` and ``Deformable`` are the studio's furniture. Their shared ... ok
test_move_together_reaches_every_kind (tests.test_studio_panels.TestLettingGoIsVisible.test_move_together_reaches_every_kind) ... Viser server running at: http://localhost:8963
╭────── viser (listening *:8969) ───────╮
│             ╷                         │
│   HTTP      │ http://localhost:8969   │
│   Websocket │ ws://localhost:8969     │
│             ╵                         │
╰───────────────────────────────────────╯
ok
test_release_last_lets_go_of_one_and_leaves_the_rest (tests.test_studio_panels.TestLettingGoIsVisible.test_release_last_lets_go_of_one_and_leaves_the_rest) ... Viser server running at: http://localhost:8969
╭────── viser (listening *:8967) ───────╮
│             ╷                         │
│   HTTP      │ http://localhost:8967   │
│   Websocket │ ws://localhost:8967     │
│             ╵                         │
╰───────────────────────────────────────╯
ok
test_release_last_spans_kinds (tests.test_studio_panels.TestLettingGoIsVisible.test_release_last_spans_kinds)
A cloth handle and an object handle are two sets, and ``Release last`` ... Viser server running at: http://localhost:8967
╭────── viser (listening *:8968) ───────╮
│             ╷                         │
│   HTTP      │ http://localhost:8968   │
│   Websocket │ ws://localhost:8968     │
│             ╵                         │
╰───────────────────────────────────────╯
ok
test_the_controls_appear_when_you_are_holding_something (tests.test_studio_panels.TestLettingGoIsVisible.test_the_controls_appear_when_you_are_holding_something) ... Viser server running at: http://localhost:8968
╭────── viser (listening *:8964) ───────╮
│             ╷                         │
│   HTTP      │ http://localhost:8964   │
│   Websocket │ ws://localhost:8964     │
│             ╵                         │
╰───────────────────────────────────────╯
ok
test_the_missed_grab_still_says_so_without_a_fold (tests.test_studio_panels.TestLettingGoIsVisible.test_the_missed_grab_still_says_so_without_a_fold)
The cloth fold carried "missed by 30 mm"; a page with no fold would ... Viser server running at: http://localhost:8964
╭────── viser (listening *:8970) ───────╮
│             ╷                         │
│   HTTP      │ http://localhost:8970   │
│   Websocket │ ws://localhost:8970     │
│             ╵                         │
╰───────────────────────────────────────╯
ok
test_clicking_something_brings_it_up (tests.test_studio_panels.TestTheInspectorWaitsToBeAsked.test_clicking_something_brings_it_up) ... Viser server running at: http://localhost:8970
╭────── viser (listening *:8966) ───────╮
│             ╷                         │
│   HTTP      │ http://localhost:8966   │
│   Websocket │ ws://localhost:8966     │
│             ╵                         │
╰───────────────────────────────────────╯
ok
test_nothing_is_selected_on_a_scene_with_no_goal (tests.test_studio_panels.TestTheInspectorWaitsToBeAsked.test_nothing_is_selected_on_a_scene_with_no_goal)
A hand-assembled scene has no "first thing the goal is about", and the ... Viser server running at: http://localhost:8966
╭────── viser (listening *:8965) ───────╮
│             ╷                         │
│   HTTP      │ http://localhost:8965   │
│   Websocket │ ws://localhost:8965     │
│             ╵                         │
╰───────────────────────────────────────╯
ok
test_asking_for_cloth_on_a_scene_with_none_gets_none (tests.test_studio_panels.TestTheSceneStillDecidesWhatExists.test_asking_for_cloth_on_a_scene_with_none_gets_none) ... Viser server running at: http://localhost:8965
╭────── viser (listening *:8956) ───────╮
│             ╷                         │
│   HTTP      │ http://localhost:8956   │
│   Websocket │ ws://localhost:8956     │
│             ╵                         │
╰───────────────────────────────────────╯
ok
test_each_step_runs_on_a_step_and_not_on_a_paused_pass (tests.test_studio_panels.TestTheSeam.test_each_step_runs_on_a_step_and_not_on_a_paused_pass) ... Viser server running at: http://localhost:8956
╭────── viser (listening *:8957) ───────╮
│             ╷                         │
│   HTTP      │ http://localhost:8957   │
│   Websocket │ ws://localhost:8957     │
│             ╵                         │
╰───────────────────────────────────────╯
ok
test_the_viser_surface_is_visers_own (tests.test_studio_panels.TestTheSeam.test_the_viser_surface_is_visers_own)
So a component written against a bare ``ViserServer`` drops in. ... Viser server running at: http://localhost:8957
╭────── viser (listening *:8958) ───────╮
│             ╷                         │
│   HTTP      │ http://localhost:8958   │
│   Websocket │ ws://localhost:8958     │
│             ╵                         │
╰───────────────────────────────────────╯
ok
test_a_dropped_panel_is_forgotten_not_just_hidden (tests.test_studio_panels.TestTheSelection.test_a_dropped_panel_is_forgotten_not_just_hidden)
``drain_click`` reaches ``self.objects`` by name, and its ``is not ... Viser server running at: http://localhost:8958
╭────── viser (listening *:8954) ───────╮
│             ╷                         │
│   HTTP      │ http://localhost:8954   │
│   Websocket │ ws://localhost:8954     │
│             ╵                         │
╰───────────────────────────────────────╯
ok
test_all_is_the_default_and_is_no_filter (tests.test_studio_panels.TestTheSelection.test_all_is_the_default_and_is_no_filter) ... Viser server running at: http://localhost:8954
╭────── viser (listening *:8951) ───────╮
│             ╷                         │
│   HTTP      │ http://localhost:8951   │
│   Websocket │ ws://localhost:8951     │
│             ╵                         │
╰───────────────────────────────────────╯
ok
test_an_unknown_name_says_what_the_names_are (tests.test_studio_panels.TestTheSelection.test_an_unknown_name_says_what_the_names_are) ... Viser server running at: http://localhost:8951
╭────── viser (listening *:8955) ───────╮
│             ╷                         │
│   HTTP      │ http://localhost:8955   │
│   Websocket │ ws://localhost:8955     │
│             ╵                         │
╰───────────────────────────────────────╯
ok
test_drive_keeps_exactly_the_drive_panels (tests.test_studio_panels.TestTheSelection.test_drive_keeps_exactly_the_drive_panels) ... Viser server running at: http://localhost:8955
╭────── viser (listening *:8952) ───────╮
│             ╷                         │
│   HTTP      │ http://localhost:8952   │
│   Websocket │ ws://localhost:8952     │
│             ╵                         │
╰───────────────────────────────────────╯
ok
test_drive_leaves_out_the_scene_list_and_the_look (tests.test_studio_panels.TestTheSelection.test_drive_leaves_out_the_scene_list_and_the_look)
Both are session-wide furniture, and a page showing one rope wants ... Viser server running at: http://localhost:8952
╭────── viser (listening *:8959) ───────╮
│             ╷                         │
│   HTTP      │ http://localhost:8959   │
│   Websocket │ ws://localhost:8959     │
│             ╵                         │
╰───────────────────────────────────────╯
Viser server running at: http://localhost:8959
╭────── viser (listening *:8960) ───────╮
│             ╷                         │
│   HTTP      │ http://localhost:8960   │
│   Websocket │ ws://localhost:8960     │
│             ╵                         │
╰───────────────────────────────────────╯
ok
test_the_keys_may_be_given_directly (tests.test_studio_panels.TestTheSelection.test_the_keys_may_be_given_directly) ... Viser server running at: http://localhost:8960
╭────── viser (listening *:8953) ───────╮
│             ╷                         │
│   HTTP      │ http://localhost:8953   │
│   Websocket │ ws://localhost:8953     │
│             ╵                         │
╰───────────────────────────────────────╯
ok
Viser server running at: http://localhost:8953
Module _solve_init_jaref_kernel__locals__kernel_92e1bce6 92e1bce load on device 'cuda:0' took 176.99 ms  (compiled)
Module _update_gradient_cholesky__locals__kernel_c1cb9e18 f462ea4 load on device 'cuda:0' took 6180.31 ms  (compiled)
Module _linesearch_jv_fused_kernel__locals__kernel_91755cf0 91755cf load on device 'cuda:0' took 135.65 ms  (compiled)
left: leader on simulated-left (serial simulated-left), 7 motors, torque off, feedback gains installed
right: leader on simulated-right (serial simulated-right), 7 motors, torque off, feedback gains installed
Force feedback armed on left, right at 100 Hz. Torque stays off in free space (deadband=0.04+0.045*speed capped 0.16, ramp=5.0, cap=0.2, P=30, D=5, torque_limit=300).
linesearch iterations limit reached - please increase ls_iterations to 20
linesearch iterations limit reached - please increase ls_iterations to 20
linesearch iterations limit reached - please increase ls_iterations to 20
linesearch iterations limit reached - please increase ls_iterations to 20
linesearch iterations limit reached - please increase ls_iterations to 20
linesearch iterations limit reached - please increase ls_iterations to 20
linesearch iterations limit reached - please increase ls_iterations to 20
linesearch iterations limit reached - please increase ls_iterations to 20
linesearch iterations limit reached - please increase ls_iterations to 20
linesearch iterations limit reached - please increase ls_iterations to 20
linesearch iterations limit reached - please increase ls_iterations to 20
[left] alignment held; contact feedback is live again.
linesearch iterations limit reached - please increase ls_iterations to 20
linesearch iterations limit reached - please increase ls_iterations to 20
linesearch iterations limit reached - please increase ls_iterations to 20
linesearch iterations limit reached - please increase ls_iterations to 20
linesearch iterations limit reached - please increase ls_iterations to 20
linesearch iterations limit reached - please increase ls_iterations to 20
[right] alignment held; contact feedback is live again.
linesearch iterations limit reached - please increase ls_iterations to 20
linesearch iterations limit reached - please increase ls_iterations to 20
linesearch iterations limit reached - please increase ls_iterations to 20
linesearch iterations limit reached - please increase ls_iterations to 20
linesearch iterations limit reached - please increase ls_iterations to 20
linesearch iterations limit reached - please increase ls_iterations to 20
linesearch iterations limit reached - please increase ls_iterations to 20
linesearch iterations limit reached - please increase ls_iterations to 20
linesearch iterations limit reached - please increase ls_iterations to 20
linesearch iterations limit reached - please increase ls_iterations to 20
linesearch iterations limit reached - please increase ls_iterations to 20
linesearch iterations limit reached - please increase ls_iterations to 20
linesearch iterations limit reached - please increase ls_iterations to 20
linesearch iterations limit reached - please increase ls_iterations to 20
linesearch iterations limit reached - please increase ls_iterations to 20
linesearch iterations limit reached - please increase ls_iterations to 20
linesearch iterations limit reached - please increase ls_iterations to 20
linesearch iterations limit reached - please increase ls_iterations to 20
linesearch iterations limit reached - please increase ls_iterations to 20
linesearch iterations limit reached - please increase ls_iterations to 20
linesearch iterations limit reached - please increase ls_iterations to 20
linesearch iterations limit reached - please increase ls_iterations to 20
linesearch iterations limit reached - please increase ls_iterations to 20
linesearch iterations limit reached - please increase ls_iterations to 20
linesearch iterations limit reached - please increase ls_iterations to 20
linesearch iterations limit reached - please increase ls_iterations to 20
linesearch iterations limit reached - please increase ls_iterations to 20
linesearch iterations limit reached - please increase ls_iterations to 20
linesearch iterations limit reached - please increase ls_iterations to 20
linesearch iterations limit reached - please increase ls_iterations to 20
linesearch iterations limit reached - please increase ls_iterations to 20
linesearch iterations limit reached - please increase ls_iterations to 20
linesearch iterations limit reached - please increase ls_iterations to 20
linesearch iterations limit reached - please increase ls_iterations to 20
linesearch iterations limit reached - please increase ls_iterations to 20
linesearch iterations limit reached - please increase ls_iterations to 20
linesearch iterations limit reached - please increase ls_iterations to 20
linesearch iterations limit reached - please increase ls_iterations to 20
linesearch iterations limit reached - please increase ls_iterations to 20
linesearch iterations limit reached - please increase ls_iterations to 20
linesearch iterations limit reached - please increase ls_iterations to 20
linesearch iterations limit reached - please increase ls_iterations to 20

Stopped; leader torque is off.
test_arming_wrote_the_goal_and_the_limit_before_enabling_torque (tests.test_teleop_examples.TestTheForceFeedbackExample.test_arming_wrote_the_goal_and_the_limit_before_enabling_torque) ... ok
test_it_ran_to_the_end_and_left_torque_off (tests.test_teleop_examples.TestTheForceFeedbackExample.test_it_ran_to_the_end_and_left_torque_off) ... ok
test_swinging_away_from_the_panel_is_free (tests.test_teleop_examples.TestTheForceFeedbackExample.test_swinging_away_from_the_panel_is_free)
The other half of the same sweep, through empty space: nothing is energized. ... ok
test_the_arm_that_meets_nothing_never_has_a_motor_enabled (tests.test_teleop_examples.TestTheForceFeedbackExample.test_the_arm_that_meets_nothing_never_has_a_motor_enabled) ... ok
test_the_panel_stops_the_other_arm_and_the_correction_points_back_at_it (tests.test_teleop_examples.TestTheForceFeedbackExample.test_the_panel_stops_the_other_arm_and_the_correction_points_back_at_it)
The scripted hand swings the base inward past the panel; the arm cannot ... ok
test_the_status_line_names_the_motor_that_is_pushing_back (tests.test_teleop_examples.TestTheForceFeedbackExample.test_the_status_line_names_the_motor_that_is_pushing_back) ... ok
linesearch iterations limit reached - please increase ls_iterations to 20
linesearch iterations limit reached - please increase ls_iterations to 20
linesearch iterations limit reached - please increase ls_iterations to 20
linesearch iterations limit reached - please increase ls_iterations to 20
linesearch iterations limit reached - please increase ls_iterations to 20
linesearch iterations limit reached - please increase ls_iterations to 20
linesearch iterations limit reached - please increase ls_iterations to 20
linesearch iterations limit reached - please increase ls_iterations to 20
linesearch iterations limit reached - please increase ls_iterations to 20
linesearch iterations limit reached - please increase ls_iterations to 20
linesearch iterations limit reached - please increase ls_iterations to 20
linesearch iterations limit reached - please increase ls_iterations to 20
linesearch iterations limit reached - please increase ls_iterations to 20
linesearch iterations limit reached - please increase ls_iterations to 20
linesearch iterations limit reached - please increase ls_iterations to 20
linesearch iterations limit reached - please increase ls_iterations to 20
linesearch iterations limit reached - please increase ls_iterations to 20
linesearch iterations limit reached - please increase ls_iterations to 20
linesearch iterations limit reached - please increase ls_iterations to 20
linesearch iterations limit reached - please increase ls_iterations to 20
linesearch iterations limit reached - please increase ls_iterations to 20
linesearch iterations limit reached - please increase ls_iterations to 20
linesearch iterations limit reached - please increase ls_iterations to 20
linesearch iterations limit reached - please increase ls_iterations to 20
linesearch iterations limit reached - please increase ls_iterations to 20
linesearch iterations limit reached - please increase ls_iterations to 20
linesearch iterations limit reached - please increase ls_iterations to 20
linesearch iterations limit reached - please increase ls_iterations to 20
linesearch iterations limit reached - please increase ls_iterations to 20
linesearch iterations limit reached - please increase ls_iterations to 20
linesearch iterations limit reached - please increase ls_iterations to 20
linesearch iterations limit reached - please increase ls_iterations to 20
linesearch iterations limit reached - please increase ls_iterations to 20
linesearch iterations limit reached - please increase ls_iterations to 20
linesearch iterations limit reached - please increase ls_iterations to 20
linesearch iterations limit reached - please increase ls_iterations to 20
linesearch iterations limit reached - please increase ls_iterations to 20
linesearch iterations limit reached - please increase ls_iterations to 20
linesearch iterations limit reached - please increase ls_iterations to 20
linesearch iterations limit reached - please increase ls_iterations to 20
linesearch iterations limit reached - please increase ls_iterations to 20
linesearch iterations limit reached - please increase ls_iterations to 20
linesearch iterations limit reached - please increase ls_iterations to 20
linesearch iterations limit reached - please increase ls_iterations to 20
linesearch iterations limit reached - please increase ls_iterations to 20
linesearch iterations limit reached - please increase ls_iterations to 20
linesearch iterations limit reached - please increase ls_iterations to 20
linesearch iterations limit reached - please increase ls_iterations to 20
linesearch iterations limit reached - please increase ls_iterations to 20
linesearch iterations limit reached - please increase ls_iterations to 20
linesearch iterations limit reached - please increase ls_iterations to 20
linesearch iterations limit reached - please increase ls_iterations to 20
linesearch iterations limit reached - please increase ls_iterations to 20
linesearch iterations limit reached - please increase ls_iterations to 20
linesearch iterations limit reached - please increase ls_iterations to 20
linesearch iterations limit reached - please increase ls_iterations to 20
linesearch iterations limit reached - please increase ls_iterations to 20
linesearch iterations limit reached - please increase ls_iterations to 20
linesearch iterations limit reached - please increase ls_iterations to 20
linesearch iterations limit reached - please increase ls_iterations to 20
linesearch iterations limit reached - please increase ls_iterations to 20
linesearch iterations limit reached - please increase ls_iterations to 20
linesearch iterations limit reached - please increase ls_iterations to 20
linesearch iterations limit reached - please increase ls_iterations to 20
linesearch iterations limit reached - please increase ls_iterations to 20
linesearch iterations limit reached - please increase ls_iterations to 20
linesearch iterations limit reached - please increase ls_iterations to 20
linesearch iterations limit reached - please increase ls_iterations to 20
linesearch iterations limit reached - please increase ls_iterations to 20
linesearch iterations limit reached - please increase ls_iterations to 20
linesearch iterations limit reached - please increase ls_iterations to 20
linesearch iterations limit reached - please increase ls_iterations to 20
linesearch iterations limit reached - please increase ls_iterations to 20
linesearch iterations limit reached - please increase ls_iterations to 20
linesearch iterations limit reached - please increase ls_iterations to 20
linesearch iterations limit reached - please increase ls_iterations to 20
linesearch iterations limit reached - please increase ls_iterations to 20
linesearch iterations limit reached - please increase ls_iterations to 20
linesearch iterations limit reached - please increase ls_iterations to 20
linesearch iterations limit reached - please increase ls_iterations to 20
linesearch iterations limit reached - please increase ls_iterations to 20
linesearch iterations limit reached - please increase ls_iterations to 20
linesearch iterations limit reached - please increase ls_iterations to 20
linesearch iterations limit reached - please increase ls_iterations to 20
linesearch iterations limit reached - please increase ls_iterations to 20
linesearch iterations limit reached - please increase ls_iterations to 20
linesearch iterations limit reached - please increase ls_iterations to 20
linesearch iterations limit reached - please increase ls_iterations to 20
linesearch iterations limit reached - please increase ls_iterations to 20
linesearch iterations limit reached - please increase ls_iterations to 20
linesearch iterations limit reached - please increase ls_iterations to 20
linesearch iterations limit reached - please increase ls_iterations to 20
linesearch iterations limit reached - please increase ls_iterations to 20
linesearch iterations limit reached - please increase ls_iterations to 20
linesearch iterations limit reached - please increase ls_iterations to 20
linesearch iterations limit reached - please increase ls_iterations to 20
linesearch iterations limit reached - please increase ls_iterations to 20
linesearch iterations limit reached - please increase ls_iterations to 20
linesearch iterations limit reached - please increase ls_iterations to 20
linesearch iterations limit reached - please increase ls_iterations to 20
linesearch iterations limit reached - please increase ls_iterations to 20
linesearch iterations limit reached - please increase ls_iterations to 20
linesearch iterations limit reached - please increase ls_iterations to 20
linesearch iterations limit reached - please increase ls_iterations to 20
linesearch iterations limit reached - please increase ls_iterations to 20
linesearch iterations limit reached - please increase ls_iterations to 20
linesearch iterations limit reached - please increase ls_iterations to 20
linesearch iterations limit reached - please increase ls_iterations to 20
linesearch iterations limit reached - please increase ls_iterations to 20
linesearch iterations limit reached - please increase ls_iterations to 20
linesearch iterations limit reached - please increase ls_iterations to 20
linesearch iterations limit reached - please increase ls_iterations to 20
linesearch iterations limit reached - please increase ls_iterations to 20
linesearch iterations limit reached - please increase ls_iterations to 20
linesearch iterations limit reached - please increase ls_iterations to 20
linesearch iterations limit reached - please increase ls_iterations to 20
linesearch iterations limit reached - please increase ls_iterations to 20
linesearch iterations limit reached - please increase ls_iterations to 20
linesearch iterations limit reached - please increase ls_iterations to 20
linesearch iterations limit reached - please increase ls_iterations to 20
linesearch iterations limit reached - please increase ls_iterations to 20
linesearch iterations limit reached - please increase ls_iterations to 20
linesearch iterations limit reached - please increase ls_iterations to 20
linesearch iterations limit reached - please increase ls_iterations to 20
linesearch iterations limit reached - please increase ls_iterations to 20
linesearch iterations limit reached - please increase ls_iterations to 20
linesearch iterations limit reached - please increase ls_iterations to 20
linesearch iterations limit reached - please increase ls_iterations to 20
linesearch iterations limit reached - please increase ls_iterations to 20
linesearch iterations limit reached - please increase ls_iterations to 20
linesearch iterations limit reached - please increase ls_iterations to 20
linesearch iterations limit reached - please increase ls_iterations to 20
linesearch iterations limit reached - please increase ls_iterations to 20
linesearch iterations limit reached - please increase ls_iterations to 20
linesearch iterations limit reached - please increase ls_iterations to 20
linesearch iterations limit reached - please increase ls_iterations to 20
linesearch iterations limit reached - please increase ls_iterations to 20
linesearch iterations limit reached - please increase ls_iterations to 20
linesearch iterations limit reached - please increase ls_iterations to 20
linesearch iterations limit reached - please increase ls_iterations to 20
linesearch iterations limit reached - please increase ls_iterations to 20
linesearch iterations limit reached - please increase ls_iterations to 20
linesearch iterations limit reached - please increase ls_iterations to 20
linesearch iterations limit reached - please increase ls_iterations to 20
linesearch iterations limit reached - please increase ls_iterations to 20
linesearch iterations limit reached - please increase ls_iterations to 20
linesearch iterations limit reached - please increase ls_iterations to 20
linesearch iterations limit reached - please increase ls_iterations to 20
linesearch iterations limit reached - please increase ls_iterations to 20
linesearch iterations limit reached - please increase ls_iterations to 20
linesearch iterations limit reached - please increase ls_iterations to 20
linesearch iterations limit reached - please increase ls_iterations to 20
linesearch iterations limit reached - please increase ls_iterations to 20
linesearch iterations limit reached - please increase ls_iterations to 20
linesearch iterations limit reached - please increase ls_iterations to 20
linesearch iterations limit reached - please increase ls_iterations to 20
linesearch iterations limit reached - please increase ls_iterations to 20
linesearch iterations limit reached - please increase ls_iterations to 20
linesearch iterations limit reached - please increase ls_iterations to 20
linesearch iterations limit reached - please increase ls_iterations to 20
linesearch iterations limit reached - please increase ls_iterations to 20
linesearch iterations limit reached - please increase ls_iterations to 20
linesearch iterations limit reached - please increase ls_iterations to 20
linesearch iterations limit reached - please increase ls_iterations to 20
linesearch iterations limit reached - please increase ls_iterations to 20
linesearch iterations limit reached - please increase ls_iterations to 20
linesearch iterations limit reached - please increase ls_iterations to 20
linesearch iterations limit reached - please increase ls_iterations to 20
linesearch iterations limit reached - please increase ls_iterations to 20
linesearch iterations limit reached - please increase ls_iterations to 20
linesearch iterations limit reached - please increase ls_iterations to 20
linesearch iterations limit reached - please increase ls_iterations to 20
linesearch iterations limit reached - please increase ls_iterations to 20
linesearch iterations limit reached - please increase ls_iterations to 20
linesearch iterations limit reached - please increase ls_iterations to 20
linesearch iterations limit reached - please increase ls_iterations to 20
linesearch iterations limit reached - please increase ls_iterations to 20
linesearch iterations limit reached - please increase ls_iterations to 20
linesearch iterations limit reached - please increase ls_iterations to 20
linesearch iterations limit reached - please increase ls_iterations to 20
linesearch iterations limit reached - please increase ls_iterations to 20
linesearch iterations limit reached - please increase ls_iterations to 20
linesearch iterations limit reached - please increase ls_iterations to 20
linesearch iterations limit reached - please increase ls_iterations to 20
linesearch iterations limit reached - please increase ls_iterations to 20
linesearch iterations limit reached - please increase ls_iterations to 20
linesearch iterations limit reached - please increase ls_iterations to 20
linesearch iterations limit reached - please increase ls_iterations to 20
linesearch iterations limit reached - please increase ls_iterations to 20
linesearch iterations limit reached - please increase ls_iterations to 20
linesearch iterations limit reached - please increase ls_iterations to 20
linesearch iterations limit reached - please increase ls_iterations to 20
linesearch iterations limit reached - please increase ls_iterations to 20
linesearch iterations limit reached - please increase ls_iterations to 20
linesearch iterations limit reached - please increase ls_iterations to 20
linesearch iterations limit reached - please increase ls_iterations to 20
linesearch iterations limit reached - please increase ls_iterations to 20
linesearch iterations limit reached - please increase ls_iterations to 20
linesearch iterations limit reached - please increase ls_iterations to 20
linesearch iterations limit reached - please increase ls_iterations to 20
linesearch iterations limit reached - please increase ls_iterations to 20
linesearch iterations limit reached - please increase ls_iterations to 20
linesearch iterations limit reached - please increase ls_iterations to 20
linesearch iterations limit reached - please increase ls_iterations to 20
linesearch iterations limit reached - please increase ls_iterations to 20
linesearch iterations limit reached - please increase ls_iterations to 20
linesearch iterations limit reached - please increase ls_iterations to 20
linesearch iterations limit reached - please increase ls_iterations to 20
linesearch iterations limit reached - please increase ls_iterations to 20
linesearch iterations limit reached - please increase ls_iterations to 20
linesearch iterations limit reached - please increase ls_iterations to 20
test_every_arm_joint_stays_inside_the_fixed_deadband (tests.test_teleop_examples.TestTheLeaderArmExample.test_every_arm_joint_stays_inside_the_fixed_deadband)
0.04 rad is the floor a feedback loop would hold still against; the ... ok
test_it_builds_the_follower_and_takes_both_arms_off_their_gizmos (tests.test_teleop_examples.TestTheLeaderArmExample.test_it_builds_the_follower_and_takes_both_arms_off_their_gizmos) ... ok
test_the_hand_moved_and_the_follower_went_with_it (tests.test_teleop_examples.TestTheLeaderArmExample.test_the_hand_moved_and_the_follower_went_with_it) ... ok
test_the_jaw_keeps_up_too (tests.test_teleop_examples.TestTheLeaderArmExample.test_the_jaw_keeps_up_too) ... ok
test_the_scene_stayed_finite (tests.test_teleop_examples.TestTheLeaderArmExample.test_the_scene_stayed_finite) ... ok
linesearch iterations limit reached - please increase ls_iterations to 20
linesearch iterations limit reached - please increase ls_iterations to 20
linesearch iterations limit reached - please increase ls_iterations to 20
linesearch iterations limit reached - please increase ls_iterations to 20
left: leader on simulated-left (serial simulated-left), 7 motors, torque off, gains untouched (no feedback)
right: leader on simulated-right (serial simulated-right), 7 motors, torque off, gains untouched (no feedback)
Driving left, right without feedback: no motor will be energized.
linesearch iterations limit reached - please increase ls_iterations to 20
linesearch iterations limit reached - please increase ls_iterations to 20
linesearch iterations limit reached - please increase ls_iterations to 20
linesearch iterations limit reached - please increase ls_iterations to 20
linesearch iterations limit reached - please increase ls_iterations to 20
linesearch iterations limit reached - please increase ls_iterations to 20
linesearch iterations limit reached - please increase ls_iterations to 20
linesearch iterations limit reached - please increase ls_iterations to 20
linesearch iterations limit reached - please increase ls_iterations to 20
linesearch iterations limit reached - please increase ls_iterations to 20
linesearch iterations limit reached - please increase ls_iterations to 20
linesearch iterations limit reached - please increase ls_iterations to 20
linesearch iterations limit reached - please increase ls_iterations to 20
linesearch iterations limit reached - please increase ls_iterations to 20
linesearch iterations limit reached - please increase ls_iterations to 20
linesearch iterations limit reached - please increase ls_iterations to 20
linesearch iterations limit reached - please increase ls_iterations to 20
linesearch iterations limit reached - please increase ls_iterations to 20
linesearch iterations limit reached - please increase ls_iterations to 20
linesearch iterations limit reached - please increase ls_iterations to 20

Stopped; leader torque is off.
test_nothing_is_energized_and_no_eeprom_register_is_touched (tests.test_teleop_examples.TestTheNoFeedbackRun.test_nothing_is_energized_and_no_eeprom_register_is_touched) ... ok
test_the_status_says_so_and_the_arm_still_follows (tests.test_teleop_examples.TestTheNoFeedbackRun.test_the_status_says_so_and_the_arm_still_follows)
Half a period of the scripted hand: both bases 0.6 rad inward and ... ok
test_ik_solves (tests.test_unregistered_robot.TestAnInlineRobot.test_ik_solves) ... ok
test_it_was_never_registered (tests.test_unregistered_robot.TestAnInlineRobot.test_it_was_never_registered) ... ok
test_the_arm_is_indexed_and_driven (tests.test_unregistered_robot.TestAnInlineRobot.test_the_arm_is_indexed_and_driven) ... ok
test_the_inline_spec_is_the_one_that_built (tests.test_unregistered_robot.TestAnInlineRobot.test_the_inline_spec_is_the_one_that_built)
Not a lookup that happened to find something similar. ... ok

----------------------------------------------------------------------
Ran 165 tests in 1656.576s

OK (skipped=14)
(viser) Server stopped
(viser) Server stopped
(viser) Server stopped
(viser) Server stopped
(viser) Server stopped
(viser) Server stopped
(viser) Server stopped
(viser) Server stopped
(viser) Server stopped
(viser) Server stopped
(viser) Server stopped
(viser) Server stopped
(viser) Server stopped
(viser) Server stopped
(viser) Server stopped
(viser) Server stopped
(viser) Server stopped
(viser) Server stopped
(viser) Server stopped
(viser) Server stopped
(viser) Server stopped
(viser) Server stopped
(viser) Server stopped
(viser) Server stopped
(viser) Server stopped
(viser) Server stopped
(viser) Server stopped
(viser) Server stopped
(viser) Server stopped
(viser) Server stopped
(viser) Server stopped
(viser) Server stopped
(viser) Server stopped
(viser) Server stopped
(viser) Server stopped
(viser) Server stopped
$ /tmp/rss-newton-study/RoboSimStudio/.venv/bin/python -m unittest tests.test_arm_joint_scan ... (16 modules)
